Date,Price,Open,High,Low,Vol.,Change %
2023-01-07,1.0000,0.9998,1.0003,0.9995,522.99K,0.02%
2023-01-06,0.9998,0.9998,1.0002,0.9997,497.16K,0.00%
2023-01-05,0.9998,0.9996,1.0000,0.9993,635.30K,0.03%
2023-01-04,0.9996,0.9998,1.0000,0.9992,1.19M,-0.02%
2023-01-03,0.9998,0.9998,1.0002,0.9982,1.47M,0.00%
2023-01-02,0.9998,0.9999,1.0000,0.9992,518.04K,-0.01%
2023-01-01,0.9999,1.0000,1.0002,0.9998,421.45K,0.00%
2022-12-31,1.0000,1.0002,1.0002,0.9996,1.02M,-0.02%
2022-12-30,1.0002,0.9999,1.0015,0.9996,792.21K,0.03%
2022-12-29,0.9999,0.9998,1.0027,0.9996,840.15K,0.01%
2022-12-28,0.9998,0.9999,1.0005,0.9991,942.29K,-0.01%
2022-12-27,0.9999,1.0001,1.0009,0.9980,2.37M,-0.02%
2022-12-26,1.0001,1.0002,1.0008,0.9993,1.08M,-0.01%
2022-12-25,1.0002,0.9999,1.0004,0.9999,368.47K,0.03%
2022-12-24,0.9999,0.9998,1.0006,0.9995,556.52K,0.01%
2022-12-23,0.9998,1.0000,1.0007,0.9993,1.05M,-0.01%
2022-12-22,0.9999,0.9998,1.0001,0.9986,1.14M,0.02%
2022-12-21,0.9998,0.9999,1.0003,0.9993,1.10M,-0.01%
2022-12-20,0.9999,1.0000,1.0001,0.9995,1.50M,-0.01%
2022-12-19,1.0000,0.9999,1.0000,0.9995,577.86K,0.01%
2022-12-18,0.9999,0.9998,1.0001,0.9996,931.36K,0.01%
2022-12-17,0.9998,1.0000,1.0001,0.9984,774.73K,-0.02%
2022-12-16,1.0000,0.9997,1.0001,0.9997,828.95K,0.03%
2022-12-15,0.9997,1.0001,1.0003,0.9992,978.87K,-0.04%
2022-12-14,1.0000,0.9999,1.0006,0.9996,917.86K,0.01%
2022-12-13,0.9999,0.9998,1.0000,0.9981,1.84M,0.01%
2022-12-12,0.9998,0.9991,0.9999,0.9979,4.61M,0.08%
2022-12-11,0.9991,1.0000,1.0001,0.9978,2.24M,-0.09%
2022-12-10,1.0000,0.9996,1.0003,0.9992,514.31K,0.04%
2022-12-09,0.9996,0.9999,1.0000,0.9995,501.62K,-0.04%
2022-12-08,1.0000,0.9997,1.0000,0.9996,1.00M,0.04%
2022-12-07,0.9996,0.9998,1.0001,0.9995,1.16M,-0.01%
2022-12-06,0.9998,0.9998,1.0000,0.9996,832.80K,-0.01%
2022-12-05,0.9998,0.9999,1.0001,0.9997,2.19M,-0.01%
2022-12-04,0.9999,0.9999,1.0002,0.9997,1.03M,0.00%
2022-12-03,0.9999,0.9999,1.0001,0.9997,613.50K,0.00%
2022-12-02,0.9999,1.0001,1.0002,0.9997,1.03M,-0.02%
2022-12-01,1.0001,0.9997,1.0002,0.9996,1.38M,0.04%
2022-11-30,0.9997,0.9999,1.0001,0.9996,2.18M,-0.01%
2022-11-29,0.9999,0.9997,1.0003,0.9997,1.47M,0.01%
2022-11-28,0.9997,0.9999,1.0001,0.9995,1.33M,-0.02%
2022-11-27,1.0000,1.0000,1.0002,0.9998,333.07K,0.01%
2022-11-26,0.9999,0.9998,1.0001,0.9998,635.10K,0.01%
2022-11-25,0.9998,1.0000,1.0002,0.9997,693.05K,-0.01%
2022-11-24,0.9999,0.9998,1.0004,0.9997,1.16M,0.00%
2022-11-23,0.9998,0.9998,1.0000,0.9996,2.20M,0.00%
2022-11-22,0.9998,0.9998,1.0001,0.9996,2.27M,0.00%
2022-11-21,0.9998,0.9994,1.0001,0.9987,3.01M,0.04%
2022-11-20,0.9994,0.9999,1.0000,0.9992,2.33M,-0.05%
2022-11-19,0.9999,0.9997,1.0000,0.9993,2.36M,0.01%
2022-11-18,0.9998,0.9997,1.0006,0.9995,1.10M,0.01%
2022-11-17,0.9997,0.9997,1.0000,0.9986,1.75M,0.00%
2022-11-16,0.9997,0.9999,1.0004,0.9987,3.57M,-0.02%
2022-11-15,0.9999,0.9999,1.0006,0.9994,1.33M,0.00%
2022-11-14,0.9999,1.0000,1.0011,0.9993,1.62M,-0.01%
2022-11-13,1.0000,0.9999,1.0012,0.9987,1.36M,0.01%
2022-11-12,0.9999,0.9997,1.0020,0.9984,1.90M,0.02%
2022-11-11,0.9997,1.0005,1.0013,0.9988,3.21M,-0.07%
2022-11-10,1.0005,1.0004,1.0073,0.9966,5.16M,0.01%
2022-11-09,1.0004,0.9996,1.0042,0.9984,6.64M,0.07%
2022-11-08,0.9997,0.9998,1.0000,0.9992,4.36M,-0.01%
2022-11-07,0.9998,0.9999,1.0006,0.9997,2.02M,-0.01%
2022-11-06,0.9999,0.9999,1.0001,0.9998,1.04M,0.00%
2022-11-05,0.9999,1.0000,1.0001,0.9998,1.10M,0.00%
2022-11-04,0.9999,0.9999,1.0001,0.9994,2.25M,0.00%
2022-11-03,0.9999,0.9999,1.0000,0.9997,838.51K,0.00%
2022-11-02,0.9999,0.9997,1.0001,0.9994,1.87M,0.02%
2022-11-01,0.9997,0.9998,1.0000,0.9994,1.56M,-0.02%
2022-10-31,1.0000,0.9997,1.0002,0.9983,4.37M,0.03%
2022-10-30,0.9997,0.9997,0.9999,0.9993,1.38M,-0.01%
2022-10-29,0.9998,0.9997,1.0001,0.9994,1.64M,-0.01%
2022-10-28,0.9999,0.9999,1.0004,0.9993,1.93M,0.00%
2022-10-27,0.9999,1.0004,1.0004,0.9998,2.19M,-0.05%
2022-10-26,1.0004,1.0000,1.0006,0.9996,2.96M,0.04%
2022-10-25,1.0000,1.0001,1.0003,0.9994,2.53M,-0.01%
2022-10-24,1.0001,0.9999,1.0005,0.9997,1.83M,0.02%
2022-10-23,0.9999,1.0003,1.0006,0.9999,717.42K,-0.04%
2022-10-22,1.0003,0.9995,1.0003,0.9994,716.80K,0.07%
2022-10-21,0.9996,1.0000,1.0002,0.9991,1.03M,-0.03%
2022-10-20,1.0000,1.0000,1.0001,0.9997,715.41K,0.00%
2022-10-19,0.9999,0.9999,1.0002,0.9993,1.13M,0.01%
2022-10-18,0.9999,1.0000,1.0003,0.9994,1.93M,-0.01%
2022-10-17,1.0000,0.9999,1.0003,0.9991,1.89M,0.01%
2022-10-16,0.9999,1.0002,1.0002,0.9998,646.03K,-0.03%
2022-10-15,1.0002,1.0003,1.0004,1.0000,701.42K,0.00%
2022-10-14,1.0003,0.9999,1.0008,0.9999,1.84M,0.03%
2022-10-13,0.9999,1.0000,1.0008,0.9995,3.57M,0.00%
2022-10-12,1.0000,1.0000,1.0002,0.9998,1.43M,-0.01%
2022-10-11,1.0001,0.9998,1.0001,0.9998,977.70K,0.03%
2022-10-10,0.9998,1.0000,1.0000,0.9987,1.08M,-0.02%
2022-10-09,1.0000,0.9999,1.0002,0.9995,830.47K,0.01%
2022-10-08,0.9999,1.0000,1.0001,0.9996,735.41K,-0.01%
2022-10-07,1.0000,0.9999,1.0002,0.9995,1.35M,0.01%
2022-10-06,0.9999,0.9989,1.0002,0.9987,1.41M,0.09%
2022-10-05,0.9990,0.9996,1.0000,0.9983,3.04M,-0.06%
2022-10-04,0.9996,0.9998,1.0000,0.9902,3.25M,-0.02%
2022-10-03,0.9998,0.9998,1.0001,0.9985,3.43M,0.00%
2022-10-02,0.9998,0.9999,1.0000,0.9997,518.56K,-0.01%
2022-10-01,0.9999,0.9999,1.0002,0.9998,990.58K,-0.01%
2022-09-30,1.0000,0.9999,1.0001,0.9996,1.45M,0.01%
2022-09-29,0.9999,0.9995,1.0000,0.9992,1.95M,0.04%
2022-09-28,0.9995,0.9999,1.0004,0.9990,1.56M,-0.04%
2022-09-27,0.9999,0.9999,1.0002,0.9987,2.29M,0.01%
2022-09-26,0.9998,1.0000,1.0003,0.9975,1.86M,-0.02%
2022-09-25,1.0000,1.0003,1.0003,0.9994,1.03M,-0.03%
2022-09-24,1.0003,1.0000,1.0003,0.9999,1.94M,0.03%
2022-09-23,1.0000,0.9999,1.0003,0.9995,6.37M,0.02%
2022-09-22,0.9998,0.9999,1.0000,0.9984,1.15M,0.00%
2022-09-21,0.9999,0.9999,1.0002,0.9996,2.02M,0.00%
2022-09-20,0.9999,0.9999,1.0003,0.9995,1.58M,0.00%
2022-09-19,0.9999,0.9999,1.0000,0.9991,1.33M,-0.01%
2022-09-18,1.0000,0.9997,1.0002,0.9994,1.21M,0.03%
2022-09-17,0.9997,1.0000,1.0002,0.9996,945.72K,-0.03%
2022-09-16,1.0000,0.9998,1.0004,0.9985,1.47M,0.02%
2022-09-15,0.9998,0.9996,1.0001,0.9987,3.81M,0.02%
2022-09-14,0.9996,0.9999,1.0000,0.9986,1.88M,-0.03%
2022-09-13,0.9999,0.9999,1.0002,0.9992,4.29M,0.00%
2022-09-12,0.9999,1.0000,1.0001,0.9995,2.57M,-0.01%
2022-09-11,1.0000,0.9999,1.0001,0.9991,1.77M,0.01%
2022-09-10,0.9999,0.9998,1.0001,0.9989,2.60M,0.01%
2022-09-09,0.9998,1.0000,1.0003,0.9995,2.21M,-0.03%
2022-09-08,1.0000,0.9999,1.0006,0.9997,2.78M,0.01%
2022-09-07,0.9999,1.0001,1.0006,0.9996,1.94M,-0.02%
2022-09-06,1.0001,0.9999,1.0003,0.9994,2.61M,0.02%
2022-09-05,0.9999,1.0000,1.0001,0.9995,1.32M,0.00%
2022-09-04,0.9999,0.9998,1.0001,0.9996,749.17K,0.01%
2022-09-03,0.9998,1.0001,1.0002,0.9995,867.17K,-0.03%
2022-09-02,1.0000,1.0001,1.0004,0.9997,1.90M,0.00%
2022-09-01,1.0001,0.9999,1.0002,0.9993,1.17M,0.02%
2022-08-31,0.9999,0.9999,1.0000,0.9993,1.65M,0.00%
2022-08-30,0.9999,0.9999,1.0006,0.9997,2.09M,0.01%
2022-08-29,0.9998,0.9999,1.0000,0.9995,1.64M,-0.01%
2022-08-28,0.9999,0.9999,1.0000,0.9997,1.16M,-0.01%
2022-08-27,1.0000,0.9999,1.0002,0.9998,1.72M,0.01%
2022-08-26,0.9999,0.9999,1.0000,0.9997,2.02M,0.01%
2022-08-25,0.9999,1.0000,1.0001,0.9997,1.55M,0.01%
2022-08-24,0.9998,1.0000,1.0001,0.9996,1.54M,-0.02%
2022-08-23,1.0000,0.9999,1.0001,0.9996,1.76M,0.01%
2022-08-22,0.9999,0.9998,1.0003,0.9998,1.70M,0.01%
2022-08-21,0.9998,0.9998,0.9999,0.9998,988.48K,0.00%
2022-08-20,0.9998,0.9999,1.0001,0.9996,2.35M,-0.01%
2022-08-19,0.9999,1.0000,1.0000,0.9996,7.20M,0.00%
2022-08-18,0.9999,1.0000,1.0000,0.9998,1.66M,-0.01%
2022-08-17,1.0000,0.9999,1.0001,0.9996,5.64M,0.01%
2022-08-16,0.9999,0.9999,1.0005,0.9995,6.61M,0.00%
2022-08-15,0.9999,0.9999,1.0001,0.9996,6.51M,0.00%
2022-08-14,0.9999,0.9997,1.0003,0.9996,4.04M,0.02%
2022-08-13,0.9997,0.9997,1.0001,0.9996,3.05M,0.01%
2022-08-12,0.9997,1.0000,1.0008,0.9996,4.95M,-0.03%
2022-08-11,1.0000,1.0002,1.0017,0.9998,9.93M,-0.02%
2022-08-10,1.0001,1.0009,1.0010,0.9998,5.56M,-0.08%
2022-08-09,1.0010,1.0000,1.0017,0.9998,5.75M,0.10%
2022-08-08,1.0000,0.9999,1.0004,0.9996,3.41M,0.00%
2022-08-07,0.9999,0.9998,1.0001,0.9998,659.04K,0.01%
2022-08-06,0.9998,1.0000,1.0001,0.9997,1.55M,-0.02%
2022-08-05,1.0000,1.0000,1.0002,0.9996,1.74M,0.00%
2022-08-04,1.0000,1.0000,1.0001,0.9994,1.83M,0.00%
2022-08-03,1.0000,0.9999,1.0002,0.9998,1.38M,0.01%
2022-08-02,0.9999,1.0000,1.0002,0.9982,5.41M,-0.01%
2022-08-01,1.0000,1.0002,1.0004,0.9994,4.97M,-0.02%
2022-07-31,1.0002,1.0002,1.0003,0.9997,1.65M,0.00%
2022-07-30,1.0002,0.9997,1.0003,0.9996,1.95M,0.05%
2022-07-29,0.9997,1.0000,1.0001,0.9994,2.22M,-0.03%
2022-07-28,1.0000,1.0000,1.0002,0.9995,2.85M,0.00%
2022-07-27,1.0000,0.9999,1.0002,0.9996,3.83M,0.01%
2022-07-26,0.9999,1.0000,1.0003,0.9993,2.72M,-0.01%
2022-07-25,1.0000,1.0000,1.0004,0.9995,1.90M,0.00%
2022-07-24,1.0000,1.0000,1.0000,0.9998,1.18M,0.00%
2022-07-23,1.0000,1.0000,1.0001,0.9996,1.49M,0.00%
2022-07-22,1.0000,0.9998,1.0004,0.9997,2.10M,0.02%
2022-07-21,0.9998,0.9997,0.9999,0.9997,1.89M,0.01%
2022-07-20,0.9997,0.9997,1.0000,0.9994,3.59M,0.00%
2022-07-19,0.9997,0.9999,1.0001,0.9993,3.25M,-0.01%
2022-07-18,0.9998,0.9999,1.0004,0.9996,6.12M,-0.01%
2022-07-17,0.9999,1.0000,1.0003,0.9997,1.76M,-0.01%
2022-07-16,1.0000,1.0000,1.0003,0.9997,2.39M,0.00%
2022-07-15,1.0000,0.9998,1.0000,0.9997,1.77M,0.02%
2022-07-14,0.9998,0.9995,1.0001,0.9995,1.87M,0.02%
2022-07-13,0.9995,0.9995,1.0001,0.9990,3.05M,0.00%
2022-07-12,0.9995,0.9997,0.9999,0.9985,1.78M,-0.02%
2022-07-11,0.9997,0.9996,0.9998,0.9994,1.65M,0.01%
2022-07-10,0.9996,0.9997,0.9999,0.9996,1.01M,-0.01%
2022-07-09,0.9997,0.9998,0.9999,0.9994,1.10M,-0.01%
2022-07-08,0.9998,0.9998,1.0000,0.9993,1.41M,0.00%
2022-07-07,0.9998,0.9996,1.0001,0.9987,2.26M,0.02%
2022-07-06,0.9996,0.9994,1.0000,0.9988,1.65M,0.02%
2022-07-05,0.9994,0.9997,0.9997,0.9987,7.62M,-0.03%
2022-07-04,0.9997,0.9996,0.9998,0.9995,6.83M,0.02%
2022-07-03,0.9996,0.9998,0.9998,0.9996,938.69K,-0.02%
2022-07-02,0.9998,0.9998,0.9999,0.9990,1.51M,0.00%
2022-07-01,0.9998,0.9994,1.0000,0.9994,1.90M,0.03%
2022-06-30,0.9994,0.9999,1.0001,0.9987,2.97M,-0.04%
2022-06-29,0.9999,1.0005,1.0006,0.9993,2.02M,-0.07%
2022-06-28,1.0005,0.9996,1.0011,0.9994,5.44M,0.10%
2022-06-27,0.9996,0.9997,0.9999,0.9993,1.82M,-0.03%
2022-06-26,0.9998,0.9996,0.9999,0.9994,2.05M,0.02%
2022-06-25,0.9996,0.9997,0.9997,0.9996,1.23M,-0.01%
2022-06-24,0.9997,0.9998,0.9998,0.9991,2.24M,-0.01%
2022-06-23,0.9998,1.0001,1.0012,0.9973,2.27M,-0.03%
2022-06-22,1.0001,1.0000,1.0016,0.9987,182.80K,0.01%
2022-06-21,1.0000,1.0001,1.0020,0.9991,140.92K,-0.01%
2022-06-20,1.0001,0.9999,1.0033,0.9990,51.94K,0.01%
2022-06-19,0.9999,1.0006,1.0050,0.9990,162.41K,-0.07%
2022-06-18,1.0006,0.9995,1.0018,0.9979,314.15K,0.11%
2022-06-17,0.9995,1.0012,1.0027,0.9985,136.75K,-0.17%
2022-06-16,1.0012,1.0011,1.0020,0.9984,254.50K,0.01%
2022-06-15,1.0011,1.0010,1.0024,0.9977,750.98K,0.01%
2022-06-14,1.0010,1.0024,1.0029,0.9995,649.79K,-0.14%
2022-06-13,1.0024,1.0021,1.0051,0.9999,925.81K,0.03%
2022-06-12,1.0021,1.0016,1.0057,1.0014,462.26K,0.05%
2022-06-11,1.0016,1.0007,1.0029,0.9998,459.51K,0.09%
2022-06-10,1.0007,1.0007,1.0015,0.9995,152.45K,0.00%
2022-06-09,1.0007,1.0004,1.0011,0.9998,49.25K,0.03%
2022-06-08,1.0004,0.9995,1.0007,0.9993,29.32K,0.08%
2022-06-07,0.9995,1.0001,1.0015,0.9991,84.48K,-0.05%
2022-06-06,1.0001,1.0007,1.0021,0.9994,107.93K,-0.07%
2022-06-05,1.0007,1.0009,1.0020,0.9999,42.29K,-0.02%
2022-06-04,1.0009,1.0003,1.0017,0.9991,103.76K,0.06%
2022-06-03,1.0003,1.0009,1.0019,0.9996,60.52K,-0.06%
2022-06-02,1.0009,1.0010,1.0021,0.9991,320.67K,-0.01%
2022-06-01,1.0010,1.0012,1.0015,0.9974,209.12K,-0.02%
2022-05-31,1.0012,1.0003,1.0031,0.9991,181.42K,0.09%
2022-05-30,1.0003,1.0005,1.0037,0.9989,260.31K,-0.02%
2022-05-29,1.0005,1.0005,1.0009,1.0000,38.60K,0.00%
2022-05-28,1.0005,1.0006,1.0039,1.0003,130.83K,-0.01%
2022-05-27,1.0006,1.0007,1.0027,0.9996,353.10K,-0.01%
2022-05-26,1.0007,1.0008,1.0016,1.0003,65.23K,-0.01%
2022-05-25,1.0008,1.0011,1.0036,0.9987,91.79K,-0.03%
2022-05-24,1.0011,0.9997,1.0028,0.9984,79.92K,0.14%
2022-05-23,0.9997,1.0012,1.0021,0.9994,255.29K,-0.15%
2022-05-22,1.0012,1.0010,1.0045,1.0009,45.08K,0.03%
2022-05-21,1.0010,1.0010,1.0022,1.0008,26.82K,0.00%
2022-05-20,1.0010,1.0008,1.0024,0.9994,211.35K,0.01%
2022-05-19,1.0008,1.0009,1.0027,1.0008,77.34K,0.00%
2022-05-18,1.0009,1.0005,1.0033,1.0003,71.80K,0.04%
2022-05-17,1.0005,1.0007,1.0012,1.0000,105.87K,-0.02%
2022-05-16,1.0007,1.0005,1.0024,0.9975,714.89K,0.02%
2022-05-15,1.0005,1.0008,1.0038,1.0004,397.12K,-0.03%
2022-05-14,1.0008,1.0014,1.0022,1.0001,474.47K,-0.06%
2022-05-13,1.0014,1.0022,1.0045,0.9994,1.52M,-0.08%
2022-05-12,1.0022,1.0046,1.0644,1.0006,2.40M,-0.24%
2022-05-11,1.0046,1.0006,1.0046,0.9988,617.38K,0.40%
2022-05-10,1.0006,1.0003,1.0073,0.9990,221.03K,0.03%
2022-05-09,1.0003,0.9995,1.0022,0.9976,549.96K,0.07%
2022-05-08,0.9995,0.9995,1.0012,0.9982,472.78K,0.01%
2022-05-07,0.9995,0.9996,0.9998,0.9986,100.45K,-0.01%
2022-05-06,0.9996,0.9982,0.9999,0.9979,81.95K,0.14%
2022-05-05,0.9982,0.9990,0.9993,0.9968,120.30K,-0.08%
2022-05-04,0.9990,0.9993,0.9997,0.9976,102.00K,-0.02%
2022-05-03,0.9993,0.9988,0.9996,0.9979,84.79K,0.04%
2022-05-02,0.9988,0.9998,1.0001,0.9980,163.69K,-0.09%
2022-05-01,0.9998,0.9995,1.0002,0.9968,413.74K,0.03%
2022-04-30,0.9995,0.9988,1.0025,0.9974,168.27K,0.07%
2022-04-29,0.9988,0.9992,1.0003,0.9975,100.37K,-0.04%
2022-04-28,0.9992,0.9981,1.0002,0.9964,94.68K,0.11%
2022-04-27,0.9981,0.9987,1.0000,0.9965,116.95K,-0.06%
2022-04-26,0.9986,0.9984,0.9999,0.9969,110.23K,0.02%
2022-04-25,0.9984,0.9978,1.0027,0.9952,172.58K,0.06%
2022-04-24,0.9978,0.9979,0.9992,0.9961,124.79K,-0.01%
2022-04-23,0.9979,0.9997,0.9998,0.9964,295.31K,-0.18%
2022-04-22,0.9996,0.9995,1.0000,0.9966,774.69K,0.02%
2022-04-21,0.9995,0.9985,1.0002,0.9974,152.78K,0.10%
2022-04-20,0.9985,0.9986,0.9996,0.9969,166.38K,-0.01%
2022-04-19,0.9986,0.9994,0.9997,0.9944,229.40K,-0.08%
2022-04-18,0.9994,0.9978,1.0003,0.9965,222.25K,0.16%
2022-04-17,0.9978,0.9986,0.9996,0.9967,157.80K,-0.08%
2022-04-16,0.9986,0.9988,1.0001,0.9978,38.68K,-0.02%
2022-04-15,0.9988,1.0002,1.0002,0.9972,101.88K,-0.14%
2022-04-14,1.0002,0.9999,1.0002,0.9991,72.69K,0.03%
2022-04-13,0.9999,0.9997,1.0031,0.9987,128.38K,0.02%
2022-04-12,0.9997,0.9997,1.0015,0.9972,264.95K,0.00%
2022-04-11,0.9997,0.9998,1.0009,0.9967,303.94K,-0.02%
2022-04-10,0.9998,0.9991,1.0038,0.9963,234.56K,0.07%
2022-04-09,0.9991,0.9985,0.9996,0.9980,34.31K,0.06%
2022-04-08,0.9985,1.0000,1.0004,0.9978,76.31K,-0.15%
2022-04-07,1.0000,0.9993,1.0006,0.9981,204.20K,0.07%
2022-04-06,0.9993,0.9986,1.0014,0.9981,127.30K,0.08%
2022-04-05,0.9986,0.9999,1.0013,0.9971,150.00K,-0.13%
2022-04-04,0.9999,0.9990,1.0008,0.9983,47.77K,0.09%
2022-04-03,0.9990,1.0000,1.0009,0.9979,167.66K,-0.09%
2022-04-02,1.0000,0.9985,1.0014,0.9969,191.86K,0.14%
2022-04-01,0.9985,0.9991,1.0019,0.9970,137.30K,-0.06%
2022-03-31,0.9991,0.9997,1.0010,0.9973,123.27K,-0.06%
2022-03-30,0.9997,0.9996,1.0009,0.9975,190.97K,0.01%
2022-03-29,0.9996,0.9976,1.0004,0.9961,137.20K,0.19%
2022-03-28,0.9977,0.9988,1.0000,0.9931,241.11K,-0.12%
2022-03-27,0.9988,1.0005,1.0013,0.9985,87.61K,-0.17%
2022-03-26,1.0005,0.9990,1.0013,0.9974,154.67K,0.15%
2022-03-25,0.9990,0.9996,1.0037,0.9949,285.02K,-0.06%
2022-03-24,0.9996,0.9997,1.0010,0.9980,111.69K,-0.01%
2022-03-23,0.9997,0.9983,1.0007,0.9969,172.21K,0.14%
2022-03-22,0.9983,0.9987,1.0045,0.9958,169.63K,-0.04%
2022-03-21,0.9987,0.9993,0.9995,0.9962,65.43K,-0.07%
2022-03-20,0.9993,0.9996,0.9998,0.9987,51.77K,-0.02%
2022-03-19,0.9996,0.9989,1.0000,0.9984,346.08K,0.07%
2022-03-18,0.9989,1.0002,1.0003,0.9964,121.31K,-0.13%
2022-03-17,1.0002,0.9982,1.0003,0.9958,126.10K,0.21%
2022-03-16,0.9982,1.0006,1.0160,0.9965,339.83K,-0.24%
2022-03-15,1.0006,1.0005,1.0025,0.9965,222.44K,0.01%
2022-03-14,1.0005,1.0031,1.0107,1.0000,233.89K,-0.26%
2022-03-13,1.0031,1.0038,1.0086,0.9999,181.34K,-0.06%
2022-03-12,1.0037,1.0023,1.0082,1.0009,105.82K,0.14%
2022-03-11,1.0023,1.0013,1.0065,1.0000,73.95K,0.10%
2022-03-10,1.0013,1.0028,1.0029,1.0001,519.08K,-0.15%
2022-03-09,1.0028,1.0011,1.0043,0.9987,222.89K,0.17%
2022-03-08,1.0011,1.0015,1.0027,1.0001,173.44K,-0.04%
2022-03-07,1.0015,1.0003,1.0030,0.9982,238.50K,0.13%
2022-03-06,1.0003,1.0001,1.0016,0.9988,74.46K,0.02%
2022-03-05,1.0001,1.0011,1.0045,0.9990,206.04K,-0.10%
2022-03-04,1.0011,1.0006,1.0025,0.9981,302.28K,0.05%
2022-03-03,1.0006,0.9996,1.0022,0.9987,189.26K,0.10%
2022-03-02,0.9996,1.0002,1.0021,0.9974,172.16K,-0.06%
2022-03-01,1.0002,1.0001,1.0008,0.9950,142.03K,0.01%
2022-02-28,1.0001,1.0013,1.0022,0.9988,182.89K,-0.13%
2022-02-27,1.0013,0.9989,1.0018,0.9967,225.56K,0.24%
2022-02-26,0.9989,1.0000,1.0004,0.9979,31.70K,-0.11%
2022-02-25,1.0000,1.0003,1.0011,0.9992,84.92K,-0.03%
2022-02-24,1.0003,1.0002,1.0069,0.9971,398.80K,0.01%
2022-02-23,1.0002,1.0003,1.0016,0.9987,638.22K,-0.02%
2022-02-22,1.0003,0.9998,1.0010,0.9969,125.53K,0.05%
2022-02-21,0.9998,1.0001,1.0006,0.9987,69.89K,-0.02%
2022-02-20,1.0001,0.9996,1.0005,0.9972,60.68K,0.05%
2022-02-19,0.9996,1.0002,1.0021,0.9988,51.99K,-0.07%
2022-02-18,1.0002,0.9988,1.0009,0.9963,434.06K,0.15%
2022-02-17,0.9988,1.0000,1.0004,0.9978,47.21K,-0.12%
2022-02-16,1.0000,0.9991,1.0006,0.9976,212.50K,0.09%
2022-02-15,0.9991,0.9997,1.0000,0.9977,30.87K,-0.05%
2022-02-14,0.9997,0.9989,1.0001,0.9966,81.35K,0.08%
2022-02-13,0.9989,0.9999,1.0003,0.9974,24.85K,-0.10%
2022-02-12,0.9999,0.9990,1.0011,0.9987,104.17K,0.09%
2022-02-11,0.9990,0.9999,1.0024,0.9981,131.51K,-0.08%
2022-02-10,0.9998,0.9985,1.0007,0.9981,393.57K,0.13%
2022-02-09,0.9985,1.0004,1.0007,0.9971,84.92K,-0.19%
2022-02-08,1.0004,0.9987,1.0008,0.9971,185.15K,0.17%
2022-02-07,0.9987,1.0000,1.0006,0.9987,55.10K,-0.13%
2022-02-06,1.0000,1.0007,1.0023,0.9986,157.74K,-0.07%
2022-02-05,1.0007,0.9992,1.0023,0.9982,101.62K,0.15%
2022-02-04,0.9992,1.0005,1.0022,0.9984,191.76K,-0.13%
2022-02-03,1.0005,1.0003,1.0027,0.9988,177.96K,0.01%
2022-02-02,1.0003,0.9995,1.0015,0.9975,148.39K,0.09%
2022-02-01,0.9995,0.9991,1.0022,0.9962,137.81K,0.04%
2022-01-31,0.9991,1.0001,1.0004,0.9953,131.08K,-0.10%
2022-01-30,1.0001,0.9982,1.0022,0.9970,52.11K,0.19%
2022-01-29,0.9982,1.0001,1.0014,0.9974,113.38K,-0.19%
2022-01-28,1.0001,1.0001,1.0017,1.0000,144.70K,0.00%
2022-01-27,1.0001,0.9983,1.0012,0.9973,166.58K,0.18%
2022-01-26,0.9983,0.9995,1.0020,0.9959,351.51K,-0.16%
2022-01-25,0.9999,0.9992,1.0012,0.9981,146.74K,0.07%
2022-01-24,0.9992,0.9995,1.0040,0.9987,278.95K,-0.03%
2022-01-23,0.9995,1.0011,1.0017,0.9974,145.67K,-0.15%
2022-01-22,1.0011,1.0007,1.0027,0.9991,986.59K,0.04%
2022-01-21,1.0007,1.0010,1.0012,0.9965,358.42K,-0.03%
2022-01-20,1.0010,0.9995,1.0057,0.9959,124.23K,0.15%
2022-01-19,0.9995,0.9982,1.0023,0.9962,136.66K,0.13%
2022-01-18,0.9982,1.0001,1.0028,0.9970,114.04K,-0.19%
2022-01-17,1.0001,0.9994,1.0004,0.9964,167.11K,0.07%
2022-01-16,0.9994,0.9998,1.0018,0.9954,215.64K,-0.04%
2022-01-15,0.9998,0.9997,1.0009,0.9966,116.81K,0.02%
2022-01-14,0.9996,0.9995,1.0009,0.9978,69.78K,0.01%
2022-01-13,0.9995,0.9999,1.0009,0.9985,124.72K,-0.04%
2022-01-12,0.9999,0.9992,1.0012,0.9979,70.56K,0.08%
2022-01-11,0.9992,0.9991,1.0017,0.9979,125.90K,0.01%
2022-01-10,0.9991,1.0001,1.0020,0.9974,98.51K,-0.10%
2022-01-09,1.0001,0.9998,1.0018,0.9983,78.32K,0.03%
2022-01-08,0.9998,0.9997,1.0020,0.9985,121.19K,0.00%
2022-01-07,0.9997,1.0002,1.0015,0.9988,153.04K,-0.05%
2022-01-06,1.0002,0.9995,1.0026,0.9984,221.02K,0.08%
2022-01-05,0.9995,0.9995,1.0017,0.9981,491.70K,0.00%
2022-01-04,0.9995,0.9997,1.0016,0.9970,165.54K,-0.03%
2022-01-03,0.9997,1.0001,1.0019,0.9979,113.35K,-0.04%
2022-01-02,1.0001,0.9999,1.0003,0.9975,68.89K,0.02%
2022-01-01,0.9999,0.9998,1.0005,0.9980,59.13K,0.02%
2021-12-31,0.9998,0.9989,1.0015,0.9973,165.88K,0.08%
2021-12-30,0.9989,0.9984,1.0072,0.9970,272.37K,0.05%
2021-12-29,0.9984,0.9992,1.0019,0.9978,135.94K,-0.08%
2021-12-28,0.9992,1.0001,1.0033,0.9980,66.96K,-0.09%
2021-12-27,1.0001,0.9987,1.0010,0.9976,209.68K,0.14%
2021-12-26,0.9987,1.0001,1.0014,0.9970,82.49K,-0.14%
2021-12-25,1.0001,0.9993,1.0004,0.9979,81.99K,0.07%
2021-12-24,0.9993,1.0007,1.0007,0.9974,133.70K,-0.14%
2021-12-23,1.0007,1.0005,1.0019,0.9981,140.96K,0.02%
2021-12-22,1.0005,0.9996,1.0037,0.9976,112.93K,0.09%
2021-12-21,0.9996,1.0001,1.0007,0.9985,127.30K,-0.05%
2021-12-20,1.0001,0.9991,1.0034,0.9982,161.38K,0.10%
2021-12-19,0.9991,1.0010,1.0088,0.9983,470.69K,-0.19%
2021-12-18,1.0010,1.0012,1.0036,1.0008,314.03K,-0.02%
2021-12-17,1.0012,1.0019,1.0023,0.9974,341.39K,-0.07%
2021-12-16,1.0019,1.0000,1.0036,0.9975,247.19K,0.19%
2021-12-15,1.0000,1.0024,1.0043,0.9979,229.23K,-0.24%
2021-12-14,1.0024,1.0009,1.0056,0.9985,672.85K,0.15%
2021-12-13,1.0009,0.9971,1.0169,0.9965,1.48M,0.38%
2021-12-12,0.9971,1.0001,1.0012,0.9965,258.15K,-0.30%
2021-12-11,1.0001,0.9991,1.0010,0.9972,360.78K,0.10%
2021-12-10,0.9991,0.9962,1.0000,0.9944,399.47K,0.29%
2021-12-09,0.9962,0.9997,1.0002,0.9948,196.22K,-0.35%
2021-12-08,0.9997,0.9980,1.0001,0.9970,523.58K,0.16%
2021-12-07,0.9981,0.9997,1.0003,0.9974,127.30K,-0.16%
2021-12-06,0.9997,0.9969,1.0059,0.9961,1.32M,0.28%
2021-12-05,0.9969,0.9969,0.9996,0.9936,425.39K,0.00%
2021-12-04,0.9969,0.9989,1.0006,0.9933,615.43K,-0.19%
2021-12-03,0.9989,0.9991,1.0012,0.9974,238.29K,-0.02%
2021-12-02,0.9991,1.0001,1.0013,0.9978,356.34K,-0.10%
2021-12-01,1.0001,0.9967,1.0011,0.9946,398.64K,0.34%
2021-11-30,0.9967,0.9978,1.0010,0.9909,222.10K,-0.11%
2021-11-29,0.9978,0.9984,1.0021,0.9948,376.66K,-0.05%
2021-11-28,0.9983,1.0005,1.0046,0.9979,425.32K,-0.22%
2021-11-27,1.0006,1.0001,1.0046,0.9966,683.25K,0.05%
2021-11-26,1.0001,0.9986,1.0015,0.9943,183.99K,0.15%
2021-11-25,0.9986,0.9992,1.0013,0.9957,168.07K,-0.06%
2021-11-24,0.9992,0.9946,1.0047,0.9939,316.76K,0.46%
2021-11-23,0.9946,0.9997,1.0008,0.9945,202.46K,-0.51%
2021-11-22,0.9997,0.9985,1.0052,0.9982,824.05K,0.13%
2021-11-21,0.9985,0.9987,1.0010,0.9920,150.39K,-0.02%
2021-11-20,0.9987,0.9986,1.0011,0.9966,186.56K,0.02%
2021-11-19,0.9985,0.9991,1.0033,0.9952,341.07K,-0.07%
2021-11-18,0.9991,0.9995,1.0002,0.9952,331.73K,-0.04%
2021-11-17,0.9995,0.9991,1.0001,0.9967,178.94K,0.03%
2021-11-16,0.9992,0.9992,1.0005,0.9966,558.13K,0.00%
2021-11-15,0.9992,1.0013,1.0057,0.9982,217.38K,-0.21%
2021-11-14,1.0013,0.9991,1.0049,0.9962,252.93K,0.22%
2021-11-13,0.9991,1.0000,1.0002,0.9963,266.88K,-0.10%
2021-11-12,1.0000,0.9994,1.0006,0.9966,175.41K,0.06%
2021-11-11,0.9994,0.9995,1.0008,0.9979,144.25K,-0.01%
2021-11-10,0.9995,0.9991,1.0054,0.9968,1.18M,0.04%
2021-11-09,0.9991,1.0004,1.0412,0.9963,410.84K,-0.13%
2021-11-08,1.0004,0.9999,1.0030,0.9987,347.49K,0.05%
2021-11-07,0.9999,0.9987,1.0038,0.9974,382.04K,0.12%
2021-11-06,0.9987,0.9979,1.0016,0.9950,243.59K,0.08%
2021-11-05,0.9979,0.9987,1.0008,0.9957,127.46K,-0.08%
2021-11-04,0.9987,0.9997,1.0008,0.9966,171.36K,-0.10%
2021-11-03,0.9997,0.9982,1.0003,0.9951,231.99K,0.15%
2021-11-02,0.9982,0.9982,1.0015,0.9964,196.74K,0.00%
2021-11-01,0.9982,0.9984,1.0004,0.9964,114.22K,-0.02%
2021-10-31,0.9984,0.9992,1.0008,0.9964,80.09K,-0.08%
2021-10-30,0.9992,0.9994,1.0025,0.9955,126.44K,-0.04%
2021-10-29,0.9996,0.9993,1.0036,0.9980,355.16K,0.03%
2021-10-28,0.9993,0.9979,1.0061,0.9950,359.39K,0.14%
2021-10-27,0.9979,0.9966,0.9997,0.9949,208.79K,0.13%
2021-10-26,0.9966,0.9979,0.9997,0.9953,120.79K,-0.13%
2021-10-25,0.9979,0.9986,1.0005,0.9958,111.76K,-0.07%
2021-10-24,0.9986,1.0000,1.0011,0.9975,83.94K,-0.14%
2021-10-23,1.0000,0.9997,1.0009,0.9981,124.17K,0.03%
2021-10-22,0.9997,0.9999,1.0035,0.9973,341.72K,-0.02%
2021-10-21,0.9999,0.9993,1.0008,0.9988,692.82K,0.06%
2021-10-20,0.9993,0.9989,1.0015,0.9985,608.00K,0.04%
2021-10-19,0.9989,0.9980,1.0014,0.9972,66.57K,0.08%
2021-10-18,0.9980,1.0004,1.0060,0.9980,295.62K,-0.24%
2021-10-17,1.0004,1.0023,1.0023,0.9988,356.74K,-0.19%
2021-10-16,1.0023,0.9975,1.0037,0.9970,115.56K,0.48%
2021-10-15,0.9975,1.0000,1.0007,0.9948,194.75K,-0.24%
2021-10-14,1.0000,1.0002,1.0015,0.9972,106.92K,-0.02%
2021-10-13,1.0002,0.9999,1.0265,0.9974,515.24K,0.03%
2021-10-12,0.9999,0.9973,1.0008,0.9963,159.05K,0.26%
2021-10-11,0.9973,0.9996,1.0028,0.9967,67.06K,-0.22%
2021-10-10,0.9996,0.9998,1.0038,0.9970,130.46K,-0.02%
2021-10-09,0.9997,0.9990,1.0007,0.9940,1.29M,0.08%
2021-10-08,0.9990,0.9989,1.0051,0.9977,329.33K,0.00%
2021-10-07,0.9989,0.9980,1.0002,0.9961,50.44K,0.09%
2021-10-06,0.9980,1.0009,1.0016,0.9974,132.43K,-0.29%
2021-10-05,1.0009,1.0002,1.0045,0.9943,810.70K,0.06%
2021-10-04,1.0002,0.9997,1.0011,0.9993,228.80K,0.06%
2021-10-03,0.9997,0.9978,1.0006,0.9973,396.86K,0.19%
2021-10-02,0.9978,1.0001,1.0004,0.9957,188.23K,-0.24%
2021-10-01,1.0001,1.0004,1.0007,0.9990,244.62K,-0.03%
2021-09-30,1.0004,0.9987,1.0008,0.9982,163.90K,0.17%
2021-09-29,0.9986,0.9975,1.0035,0.9972,135.34K,0.11%
2021-09-28,0.9975,0.9988,1.0006,0.9966,63.34K,-0.13%
2021-09-27,0.9988,1.0004,1.0013,0.9982,50.03K,-0.16%
2021-09-26,1.0004,0.9990,1.0015,0.9979,421.16K,0.14%
2021-09-25,0.9990,1.0004,1.0013,0.9983,151.97K,-0.14%
2021-09-24,1.0004,0.9981,1.0018,0.9975,110.34K,0.23%
2021-09-23,0.9981,0.9951,1.0016,0.9951,148.77K,0.30%
2021-09-22,0.9951,1.0000,1.0011,0.9951,242.00K,-0.49%
2021-09-21,1.0000,0.9996,1.0012,0.9973,633.21K,0.04%
2021-09-20,0.9996,0.9993,1.0009,0.9959,373.43K,0.03%
2021-09-19,0.9993,1.0007,1.0009,0.9972,70.73K,-0.13%
2021-09-18,1.0007,1.0006,1.0059,0.9992,605.34K,0.01%
2021-09-17,1.0006,0.9990,1.0008,0.9980,180.42K,0.15%
2021-09-16,0.9990,0.9998,1.0004,0.9962,166.97K,-0.07%
2021-09-15,0.9998,1.0003,1.0006,0.9990,123.97K,-0.06%
2021-09-14,1.0003,0.9990,1.0008,0.9984,71.21K,0.13%
2021-09-13,0.9990,1.0007,1.0011,0.9978,118.30K,-0.17%
2021-09-12,1.0007,0.9990,1.0007,0.9967,233.73K,0.17%
2021-09-11,0.9990,0.9992,1.0007,0.9945,166.10K,-0.02%
2021-09-10,0.9992,0.9984,1.0007,0.9966,79.59K,0.07%
2021-09-09,0.9984,0.9988,1.0003,0.9980,202.12K,-0.04%
2021-09-08,0.9988,0.9990,1.0000,0.9980,150.01K,-0.02%
2021-09-07,0.9990,1.0004,1.0043,0.9976,1.57M,-0.13%
2021-09-06,1.0004,0.9973,1.0009,0.9973,111.39K,0.30%
2021-09-05,0.9973,0.9999,1.0004,0.9965,75.87K,-0.26%
2021-09-04,0.9999,0.9992,1.0022,0.9959,71.22K,0.07%
2021-09-03,0.9992,1.0003,1.0007,0.9981,52.28K,-0.12%
2021-09-02,1.0003,1.0006,1.0010,0.9998,68.67K,-0.03%
2021-09-01,1.0006,1.0011,1.0031,1.0000,655.27K,-0.05%
2021-08-31,1.0011,0.9997,1.0014,0.9987,1.46M,0.14%
2021-08-30,0.9997,0.9998,1.0016,0.9948,120.86K,-0.01%
2021-08-29,0.9998,1.0007,1.0017,0.9951,55.85K,-0.10%
2021-08-28,1.0007,0.9997,1.0058,0.9994,318.77K,0.10%
2021-08-27,0.9997,0.9999,1.0009,0.9968,58.65K,-0.01%
2021-08-26,0.9999,0.9999,1.0020,0.9989,198.53K,0.00%
2021-08-25,0.9999,1.0009,1.0012,0.9985,61.99K,-0.10%
2021-08-24,1.0009,1.0005,1.0013,0.9999,233.96K,0.04%
2021-08-23,1.0005,0.9992,1.0045,0.9979,261.00K,0.13%
2021-08-22,0.9992,1.0001,1.0005,0.9974,74.52K,-0.09%
2021-08-21,1.0001,1.0004,1.0016,1.0000,24.09K,-0.03%
2021-08-20,1.0004,1.0011,1.0020,0.9998,307.22K,-0.06%
2021-08-19,1.0011,0.9998,1.0013,0.9997,179.77K,0.13%
2021-08-18,0.9998,1.0003,1.0017,0.9990,426.77K,-0.05%
2021-08-17,1.0003,0.9995,1.0016,0.9978,123.38K,0.07%
2021-08-16,0.9995,0.9984,1.0010,0.9970,45.72K,0.11%
2021-08-15,0.9984,0.9989,1.0014,0.9929,138.24K,-0.05%
2021-08-14,0.9989,1.0010,1.0018,0.9988,50.63K,-0.20%
2021-08-13,1.0009,0.9995,1.0030,0.9989,241.32K,0.14%
2021-08-12,0.9995,0.9992,1.0007,0.9987,64.34K,0.03%
2021-08-11,0.9992,1.0009,1.0014,0.9982,125.98K,-0.19%
2021-08-10,1.0011,1.0000,1.0015,0.9988,68.73K,0.10%
2021-08-09,1.0000,1.0014,1.0019,0.9989,166.40K,-0.13%
2021-08-08,1.0014,0.9994,1.0032,0.9991,168.83K,0.20%
2021-08-07,0.9994,0.9998,1.0011,0.9977,146.13K,-0.04%
2021-08-06,0.9998,1.0007,1.0021,0.9991,35.30K,-0.09%
2021-08-05,1.0007,1.0013,1.0037,0.9995,249.14K,-0.07%
2021-08-04,1.0013,1.0011,1.0020,0.9985,103.69K,0.02%
2021-08-03,1.0011,1.0018,1.0023,0.9998,28.11K,-0.07%
2021-08-02,1.0018,1.0014,1.0025,0.9996,104.33K,0.05%
2021-08-01,1.0014,1.0014,1.0019,1.0000,146.02K,0.00%
2021-07-31,1.0014,1.0010,1.0019,0.9910,241.30K,0.04%
2021-07-30,1.0010,1.0014,1.0019,0.9997,53.55K,-0.04%
2021-07-29,1.0014,1.0013,1.0029,1.0004,107.45K,0.01%
2021-07-28,1.0013,1.0012,1.0049,1.0007,123.72K,0.01%
2021-07-27,1.0012,1.0011,1.0052,0.9992,207.45K,0.01%
2021-07-26,1.0011,1.0002,1.0057,0.9993,587.23K,0.08%
2021-07-25,1.0002,0.9980,1.0015,0.9980,55.21K,-0.03%
2021-07-24,1.0006,1.0004,1.0023,0.9988,329.44K,0.02%
2021-07-23,1.0004,1.0008,1.0019,0.9991,102.14K,-0.04%
2021-07-22,1.0008,1.0010,1.0019,0.9994,87.04K,-0.02%
2021-07-21,1.0010,1.0007,1.0024,0.9989,120.86K,0.03%
2021-07-20,1.0007,1.0018,1.0043,1.0000,288.39K,-0.10%
2021-07-19,1.0018,1.0013,1.0022,0.9985,117.03K,0.04%
2021-07-18,1.0013,0.9999,1.0043,0.9983,133.05K,0.14%
2021-07-17,0.9999,0.9989,1.0010,0.9971,47.81K,0.10%
2021-07-16,0.9989,1.0006,1.0012,0.9971,188.77K,-0.17%
2021-07-15,1.0006,0.9997,1.0013,0.9987,96.63K,0.09%
2021-07-14,0.9997,1.0004,1.0026,0.9983,63.10K,-0.07%
2021-07-13,1.0004,0.9998,1.0015,0.9995,49.42K,0.06%
2021-07-12,0.9998,1.0006,1.0019,0.9969,94.29K,-0.08%
2021-07-11,1.0006,1.0003,1.0017,0.9965,70.47K,0.04%
2021-07-10,1.0003,0.9997,1.0008,0.9993,67.38K,0.06%
2021-07-09,0.9997,0.9990,1.0007,0.9985,90.73K,0.07%
2021-07-08,0.9990,0.9984,1.0004,0.9970,90.26K,0.06%
2021-07-07,0.9984,1.0007,1.0021,0.9952,709.99K,-0.23%
2021-07-06,1.0007,1.0006,1.0020,0.9993,130.74K,0.01%
2021-07-05,1.0006,1.0002,1.0034,0.9989,50.21K,0.04%
2021-07-04,1.0002,1.0001,1.0019,0.9989,80.12K,0.01%
2021-07-03,1.0001,0.9994,1.0025,0.9982,141.57K,0.07%
2021-07-02,0.9994,1.0005,1.0013,0.9974,139.85K,-0.11%
2021-07-01,1.0005,1.0006,1.0044,0.9999,78.49K,-0.01%
2021-06-30,1.0006,0.9998,1.0015,0.9994,36.32K,0.08%
2021-06-29,0.9998,0.9998,1.0017,0.9989,254.70K,0.00%
2021-06-28,0.9998,1.0010,1.0025,0.9991,150.83K,-0.12%
2021-06-27,1.0010,1.0018,1.0038,0.9999,101.42K,-0.08%
2021-06-26,1.0018,1.0004,1.0028,0.9996,177.75K,0.14%
2021-06-25,1.0004,0.9997,1.0014,0.9977,301.51K,0.07%
2021-06-24,0.9997,1.0007,1.0019,0.9993,91.16K,-0.11%
2021-06-23,1.0007,1.0005,1.0021,0.9998,480.36K,0.02%
2021-06-22,1.0005,1.0046,1.0474,0.9983,1.36M,-0.41%
2021-06-21,1.0046,1.0022,1.0048,1.0019,355.39K,0.24%
2021-06-20,1.0022,1.0024,1.0032,1.0016,112.68K,-0.02%
2021-06-19,1.0024,1.0013,1.0024,1.0007,225.34K,0.11%
2021-06-18,1.0013,1.0006,1.0017,0.9977,265.81K,0.07%
2021-06-17,1.0006,1.0006,1.0027,1.0001,101.60K,0.00%
2021-06-16,1.0006,0.9997,1.0015,0.9992,142.56K,0.09%
2021-06-15,0.9997,0.9997,1.0018,0.9948,150.70K,0.00%
2021-06-14,0.9997,1.0012,1.0013,0.9991,49.35K,-0.14%
2021-06-13,1.0012,1.0014,1.0034,1.0010,170.53K,-0.02%
2021-06-12,1.0014,0.9997,1.0057,0.9961,230.93K,0.17%
2021-06-11,0.9997,1.0003,1.0023,0.9994,88.78K,-0.06%
2021-06-10,1.0003,1.0001,1.0013,0.9988,349.70K,0.03%
2021-06-09,1.0001,1.0009,1.0029,0.9983,1.47M,-0.08%
2021-06-08,1.0009,0.9990,1.0040,0.9985,579.44K,0.19%
2021-06-07,0.9990,1.0010,1.0028,0.9988,208.74K,-0.20%
2021-06-06,1.0010,1.0012,1.0021,1.0002,115.09K,-0.02%
2021-06-05,1.0012,1.0009,1.0016,0.9996,65.02K,0.03%
2021-06-04,1.0009,1.0004,1.0012,0.9991,259.69K,0.04%
2021-06-03,1.0004,1.0008,1.0020,0.9997,298.68K,-0.04%
2021-06-02,1.0008,1.0011,1.0020,1.0001,313.20K,-0.03%
2021-06-01,1.0011,1.0008,1.0014,0.9992,115.69K,0.03%
2021-05-31,1.0008,0.9993,1.0012,0.9985,74.49K,0.15%
2021-05-30,0.9993,0.9993,1.0006,0.9980,254.72K,0.00%
2021-05-29,0.9993,1.0007,1.0070,0.9991,233.82K,-0.14%
2021-05-28,1.0007,1.0000,1.0026,0.9997,509.01K,0.06%
2021-05-27,1.0001,1.0012,1.0017,0.9996,111.82K,-0.11%
2021-05-26,1.0012,1.0005,1.0016,0.9951,757.75K,0.06%
2021-05-25,1.0005,1.0002,1.0015,0.9990,413.35K,0.04%
2021-05-24,1.0002,1.0018,1.0031,0.9991,552.28K,-0.16%
2021-05-23,1.0018,1.0026,1.0181,1.0009,2.84M,-0.08%
2021-05-22,1.0026,1.0025,1.0052,1.0007,971.63K,0.00%
2021-05-21,1.0025,1.0001,1.0048,0.9978,650.93K,0.25%
2021-05-20,1.0001,0.9994,1.0040,0.9889,1.27M,0.07%
2021-05-19,0.9994,1.0007,1.0173,0.9932,3.54M,-0.13%
2021-05-18,1.0007,0.9990,1.0026,0.9978,1.10M,0.17%
2021-05-17,0.9990,1.0033,1.0088,0.9962,1.21M,-0.43%
2021-05-16,1.0033,1.0007,1.0198,0.9998,1.24M,0.26%
2021-05-15,1.0007,1.0006,1.0017,0.9994,304.30K,0.01%
2021-05-14,1.0006,1.0008,1.0018,0.9972,883.06K,-0.02%
2021-05-13,1.0008,1.0026,1.0029,0.9983,2.51M,-0.18%
2021-05-12,1.0026,0.9996,1.0026,0.9987,1.17M,0.30%
2021-05-11,0.9996,0.9997,1.0025,0.9983,346.33K,-0.01%
2021-05-10,0.9997,1.0004,1.0149,0.9981,805.57K,-0.07%
2021-05-09,1.0004,0.9998,1.0011,0.9982,655.18K,0.07%
2021-05-08,0.9998,1.0004,1.0011,0.9988,535.87K,-0.06%
2021-05-07,1.0004,1.0004,1.0057,0.9991,292.07K,0.00%
2021-05-06,1.0004,1.0010,1.0042,0.9991,416.73K,-0.06%
2021-05-05,1.0010,1.0004,1.0041,0.9998,959.59K,0.00%
2021-05-04,1.0010,1.0006,1.0027,0.9991,919.34K,0.04%
2021-05-03,1.0006,1.0005,1.0047,0.9999,218.47K,0.00%
2021-05-02,1.0005,0.9982,1.0039,0.9981,465.28K,0.24%
2021-05-01,0.9982,0.9983,0.9997,0.9974,153.65K,-0.01%
2021-04-30,0.9983,0.9994,1.0023,0.9969,144.04K,-0.10%
2021-04-29,0.9994,0.9997,1.0012,0.9986,177.01K,-0.04%
2021-04-28,0.9997,1.0000,1.0038,0.9963,468.92K,-0.03%
2021-04-27,1.0000,1.0016,1.0038,0.9973,327.08K,-0.16%
2021-04-26,1.0016,1.0004,1.0021,0.9989,266.85K,0.13%
2021-04-25,1.0004,1.0000,1.0065,0.9990,513.29K,0.04%
2021-04-24,1.0000,0.9994,1.0019,0.9985,108.43K,0.07%
2021-04-23,0.9994,0.9997,1.0019,0.9983,1.13M,-0.03%
2021-04-22,0.9997,0.9993,1.0014,0.9977,520.63K,0.04%
2021-04-21,0.9993,0.9989,1.0021,0.9952,246.86K,0.04%
2021-04-20,0.9989,0.9978,1.0014,0.9978,586.68K,0.11%
2021-04-19,0.9978,0.9988,0.9996,0.9975,265.09K,-0.09%
2021-04-18,0.9988,0.9980,1.0060,0.9956,917.92K,0.08%
2021-04-17,0.9980,0.9972,1.0061,0.9944,157.48K,0.08%
2021-04-16,0.9972,1.0004,1.0008,0.9967,255.42K,-0.32%
2021-04-15,1.0004,0.9992,1.0017,0.9961,396.46K,0.10%
2021-04-14,0.9994,0.9987,1.0034,0.9981,488.45K,0.07%
2021-04-13,0.9987,1.0000,1.0042,0.9952,559.80K,-0.13%
2021-04-12,1.0000,1.0010,1.0024,0.9993,227.26K,-0.12%
2021-04-11,1.0012,1.0016,1.0036,0.9991,147.20K,-0.04%
2021-04-10,1.0016,1.0011,1.0030,1.0001,298.52K,0.05%
2021-04-09,1.0011,1.0000,1.0024,0.9992,277.73K,0.11%
2021-04-08,1.0000,0.9996,1.0011,0.9979,227.81K,0.04%
2021-04-07,0.9996,0.9987,1.0009,0.9973,235.81K,0.09%
2021-04-06,0.9987,1.0006,1.0011,0.9958,576.06K,-0.19%
2021-04-05,1.0006,0.9985,1.0024,0.9967,305.18K,0.22%
2021-04-04,0.9985,0.9976,0.9997,0.9969,57.30K,0.09%
2021-04-03,0.9976,0.9994,1.0013,0.9965,138.48K,-0.18%
2021-04-02,0.9994,1.0005,1.0035,0.9969,121.12K,-0.11%
2021-04-01,1.0005,0.9991,1.0015,0.9970,108.46K,0.14%
2021-03-31,0.9991,1.0011,1.0033,0.9985,239.73K,-0.20%
2021-03-30,1.0011,1.0014,1.0062,1.0000,254.07K,-0.03%
2021-03-29,1.0014,1.0008,1.0022,0.9996,161.19K,0.07%
2021-03-28,1.0008,1.0013,1.0020,0.9969,50.05K,-0.05%
2021-03-27,1.0013,0.9996,1.0020,0.9986,83.10K,0.17%
2021-03-26,0.9996,1.0013,1.0013,0.9985,128.44K,-0.17%
2021-03-25,1.0013,1.0018,1.0032,0.9579,270.92K,-0.05%
2021-03-24,1.0018,1.0014,1.0029,1.0001,164.39K,0.04%
2021-03-23,1.0014,0.9982,1.0025,0.9974,154.63K,0.32%
2021-03-22,0.9982,1.0003,1.0023,0.9973,123.68K,-0.21%
2021-03-21,1.0003,1.0002,1.0027,0.9987,400.04K,0.01%
2021-03-20,1.0002,1.0003,1.0026,0.9998,545.41K,-0.01%
2021-03-19,1.0003,1.0014,1.0019,0.9999,385.78K,-0.10%
2021-03-18,1.0014,1.0000,1.0026,0.9996,142.51K,0.13%
2021-03-17,1.0000,1.0015,1.0018,0.9980,290.63K,-0.15%
2021-03-16,1.0015,1.0029,1.0101,0.9990,334.05K,-0.14%
2021-03-15,1.0029,1.0014,1.0038,1.0001,386.11K,0.15%
2021-03-14,1.0014,1.0017,1.0024,1.0006,101.95K,-0.03%
2021-03-13,1.0017,1.0004,1.0069,0.9998,442.05K,0.13%
2021-03-12,1.0004,1.0015,1.0031,0.9996,126.37K,-0.11%
2021-03-11,1.0015,1.0014,1.0024,1.0008,289.73K,0.01%
2021-03-10,1.0014,1.0006,1.0023,0.9993,719.52K,0.09%
2021-03-09,1.0006,1.0007,1.0024,1.0002,129.48K,-0.01%
2021-03-08,1.0007,0.9999,1.0015,0.9990,151.09K,0.08%
2021-03-07,0.9999,1.0006,1.0010,0.9991,112.63K,-0.07%
2021-03-06,1.0006,1.0013,1.0067,0.9994,330.37K,-0.07%
2021-03-05,1.0013,1.0014,1.0050,1.0006,205.99K,-0.01%
2021-03-04,1.0014,1.0016,1.0023,1.0007,442.78K,-0.02%
2021-03-03,1.0016,0.9999,1.0024,0.9978,465.95K,0.17%
2021-03-02,0.9999,0.9998,1.0017,0.9992,362.22K,0.01%
2021-03-01,0.9998,1.0031,1.0031,0.9996,427.12K,-0.32%
2021-02-28,1.0031,1.0009,1.0095,0.9993,705.03K,0.21%
2021-02-27,1.0009,1.0004,1.0013,0.9980,388.17K,0.05%
2021-02-26,1.0004,1.0006,1.0053,0.9974,725.63K,-0.02%
2021-02-25,1.0006,0.9988,1.0024,0.9988,720.28K,0.18%
2021-02-24,0.9988,1.0000,1.0100,0.9982,569.17K,-0.12%
2021-02-23,1.0000,0.9980,1.0109,0.9905,1.48M,0.20%
2021-02-22,0.9980,1.0000,1.0085,0.9911,970.57K,-0.20%
2021-02-21,1.0000,0.9994,1.0028,0.9982,188.74K,0.07%
2021-02-20,0.9993,0.9989,1.0016,0.9952,512.81K,0.04%
2021-02-19,0.9989,0.9996,2.4199,0.9981,1.12M,-0.07%
2021-02-18,0.9996,0.9999,1.0018,0.9989,199.55K,-0.03%
2021-02-17,1.0000,1.0010,1.0035,0.9997,464.52K,-0.11%
2021-02-16,1.0010,1.0007,1.0023,0.9992,431.97K,0.03%
2021-02-15,1.0007,1.0004,1.0036,0.9991,510.42K,0.02%
2021-02-14,1.0004,1.0001,1.0024,0.9996,242.56K,0.03%
2021-02-13,1.0001,1.0005,1.0018,0.9998,153.44K,-0.04%
2021-02-12,1.0005,1.0003,1.0017,0.9992,325.53K,0.02%
2021-02-11,1.0003,1.0003,1.0021,0.9986,154.97K,0.00%
2021-02-10,1.0003,1.0000,1.0021,0.9989,532.70K,0.03%
2021-02-09,1.0000,1.0004,1.0240,0.9989,1.34M,-0.04%
2021-02-08,1.0004,0.9998,1.0053,0.9966,465.04K,0.06%
2021-02-07,0.9998,0.9980,1.0022,0.9969,146.43K,0.18%
2021-02-06,0.9980,1.0002,1.0022,0.9926,209.49K,-0.21%
2021-02-05,1.0002,1.0005,1.0024,0.9990,319.66K,-0.03%
2021-02-04,1.0005,1.0008,1.0023,0.9991,334.81K,-0.03%
2021-02-03,1.0008,1.0031,1.0033,1.0000,147.09K,-0.23%
2021-02-02,1.0031,1.0017,1.0045,1.0002,188.79K,0.13%
2021-02-01,1.0017,0.9985,1.0044,0.9980,440.07K,0.32%
2021-01-31,0.9985,0.9969,1.0044,0.9966,185.55K,0.17%
2021-01-30,0.9969,0.9996,1.0007,0.9829,179.12K,-0.28%
2021-01-29,0.9996,0.9991,1.0015,0.9979,242.43K,0.06%
2021-01-28,0.9991,1.0013,1.0027,0.9947,163.58K,-0.22%
2021-01-27,1.0013,1.0019,1.0035,0.9991,218.55K,-0.06%
2021-01-26,1.0019,1.0012,1.0034,1.0001,93.51K,0.06%
2021-01-25,1.0012,1.0017,1.0042,1.0009,200.65K,-0.05%
2021-01-24,1.0017,1.0027,1.0041,1.0011,136.07K,-0.10%
2021-01-23,1.0027,1.0028,1.0041,1.0006,90.68K,-0.02%
2021-01-22,1.0028,1.0018,1.0038,0.9991,225.58K,0.10%
2021-01-21,1.0018,1.0014,1.0041,0.9943,411.57K,0.04%
2021-01-20,1.0014,1.0009,1.0038,0.9984,261.96K,0.05%
2021-01-19,1.0009,1.0024,1.0062,1.0003,284.69K,-0.14%
2021-01-18,1.0024,1.0026,1.0047,1.0018,109.87K,-0.02%
2021-01-17,1.0026,1.0024,1.0037,0.9997,98.57K,0.02%
2021-01-16,1.0024,1.0011,1.0046,0.9994,69.63K,0.13%
2021-01-15,1.0011,1.0028,1.0066,0.9991,338.39K,-0.17%
2021-01-14,1.0028,1.0001,1.0040,0.9981,284.84K,0.26%
2021-01-13,1.0001,1.0012,1.0039,0.9996,272.76K,-0.10%
2021-01-12,1.0012,1.0008,1.0057,0.9993,236.04K,0.03%
2021-01-11,1.0008,1.0011,1.0064,0.9980,579.09K,-0.03%
2021-01-10,1.0011,1.0006,1.0049,0.9979,401.18K,0.13%
2021-01-09,0.9998,0.9976,1.0032,0.9975,262.89K,0.22%
2021-01-08,0.9976,0.9999,1.0020,0.9947,405.23K,-0.23%
2021-01-07,0.9999,1.0002,1.0052,0.9980,539.78K,-0.03%
2021-01-06,1.0002,1.0005,1.0034,0.9985,369.68K,-0.03%
2021-01-05,1.0005,1.0007,1.0064,0.9988,304.40K,-0.02%
2021-01-04,1.0007,1.0024,1.0057,1.0001,411.73K,-0.17%
2021-01-03,1.0024,1.0009,1.0067,0.9999,391.68K,0.15%
2021-01-02,1.0009,1.0014,1.0080,0.9989,289.84K,-0.08%
2021-01-01,1.0017,1.0023,1.0088,1.0013,61.69K,-0.06%
2020-12-31,1.0023,1.0040,1.0052,1.0004,135.43K,-0.17%
2020-12-30,1.0040,1.0029,1.0284,1.0015,202.05K,0.11%
2020-12-29,1.0029,1.0030,1.0056,1.0006,148.41K,-0.02%
2020-12-28,1.0030,1.0024,1.0053,1.0002,263.30K,0.07%
2020-12-27,1.0024,1.0019,1.0042,0.9990,213.19K,0.05%
2020-12-26,1.0019,1.0050,1.0051,1.0010,88.57K,-0.31%
2020-12-25,1.0050,1.0025,1.0051,1.0001,309.19K,0.25%
2020-12-24,1.0025,1.0003,1.0170,0.9999,66.92K,0.23%
2020-12-23,1.0003,1.0003,1.0040,0.9991,89.55K,-0.01%
2020-12-22,1.0003,0.9986,1.0028,0.9985,90.96K,0.18%
2020-12-21,0.9986,1.0011,1.0025,0.9983,73.42K,-0.25%
2020-12-20,1.0011,1.0018,1.0026,0.9995,62.62K,-0.07%
2020-12-19,1.0018,1.0019,1.0037,0.9981,135.51K,-0.01%
2020-12-18,1.0019,0.9994,1.0044,0.9989,105.93K,0.25%
2020-12-17,0.9994,0.9999,1.0030,0.9977,488.15K,-0.05%
2020-12-16,0.9999,1.0014,1.0063,0.9998,294.48K,-0.16%
2020-12-15,1.0014,1.0029,1.0033,1.0002,41.85K,-0.15%
2020-12-14,1.0029,1.0026,1.0052,1.0014,35.20K,0.03%
2020-12-13,1.0026,1.0020,1.0068,1.0015,64.90K,0.05%
2020-12-12,1.0020,1.0039,1.0067,1.0020,72.68K,-0.18%
2020-12-11,1.0039,1.0048,1.0066,1.0036,84.90K,-0.09%
2020-12-10,1.0048,1.0044,1.0088,1.0041,110.11K,0.04%
2020-12-09,1.0044,1.0069,1.0275,1.0041,371.18K,-0.27%
2020-12-08,1.0071,1.0044,1.0071,1.0035,32.17K,0.27%
2020-12-07,1.0044,1.0051,1.0067,1.0031,23.21K,-0.07%
2020-12-06,1.0051,1.0041,1.0060,1.0040,23.69K,0.10%
2020-12-05,1.0041,1.0030,1.0059,1.0023,22.53K,0.11%
2020-12-04,1.0030,1.0042,1.0065,1.0021,166.01K,-0.12%
2020-12-03,1.0042,1.0051,1.0090,1.0003,438.29K,-0.09%
2020-12-02,1.0051,1.0048,1.0089,1.0036,364.43K,0.03%
2020-12-01,1.0048,1.0069,1.0079,1.0035,120.22K,-0.20%
2020-11-30,1.0069,1.0038,1.0076,1.0016,55.67K,0.31%
2020-11-29,1.0038,1.0017,1.0053,1.0016,5.64K,0.21%
2020-11-28,1.0017,1.0040,1.0069,1.0017,50.84K,-0.23%
2020-11-27,1.0040,1.0057,1.0073,1.0022,140.33K,-0.18%
2020-11-26,1.0057,1.0037,1.0109,1.0015,186.51K,0.20%
2020-11-25,1.0037,1.0015,1.0078,1.0003,237.09K,0.22%
2020-11-24,1.0015,1.0004,1.0042,1.0003,258.34K,0.11%
2020-11-23,1.0004,1.0003,1.0035,1.0000,54.44K,0.00%
2020-11-22,1.0003,1.0014,1.0044,1.0002,50.63K,-0.11%
2020-11-21,1.0014,1.0060,1.0145,1.0011,355.33K,-0.46%
2020-11-20,1.0060,1.0044,1.0066,1.0011,96.28K,0.16%
2020-11-19,1.0044,1.0048,1.0078,1.0030,91.90K,-0.03%
2020-11-18,1.0048,1.0033,1.0103,1.0029,164.18K,0.15%
2020-11-17,1.0033,1.0061,1.0100,1.0031,122.47K,-0.28%
2020-11-16,1.0061,1.0058,1.0088,1.0047,266.04K,0.03%
2020-11-15,1.0058,1.0069,1.0098,1.0048,169.38K,-0.11%
2020-11-14,1.0069,1.0072,1.0088,1.0039,29.44K,-0.03%
2020-11-13,1.0072,1.0056,1.0121,1.0056,109.19K,0.16%
2020-11-12,1.0056,1.0097,1.0097,1.0054,30.01K,-0.41%
2020-11-11,1.0097,1.0084,1.0105,1.0058,43.53K,0.12%
2020-11-10,1.0084,1.0068,1.0093,1.0066,37.87K,0.16%
2020-11-09,1.0068,1.0096,1.0122,1.0061,83.33K,-0.27%
2020-11-08,1.0096,1.0107,1.0108,1.0052,17.55K,-0.11%
2020-11-07,1.0107,1.0087,1.0123,1.0071,48.93K,0.20%
2020-11-06,1.0087,1.0087,1.0098,1.0043,151.47K,0.00%
2020-11-05,1.0087,1.0092,1.0110,1.0053,60.77K,-0.05%
2020-11-04,1.0092,1.0091,1.0120,1.0073,194.91K,0.01%
2020-11-03,1.0091,1.0092,1.0135,1.0088,84.26K,-0.01%
2020-11-02,1.0092,1.0107,1.0117,1.0082,538.40K,-0.15%
2020-11-01,1.0107,1.0114,1.0122,1.0097,42.27K,-0.07%
2020-10-31,1.0114,1.0104,1.0114,1.0075,100.09K,0.09%
2020-10-30,1.0104,1.0082,1.0104,1.0068,30.76K,0.22%
2020-10-29,1.0082,1.0098,1.0104,1.0070,54.47K,-0.15%
2020-10-28,1.0098,1.0090,1.0103,1.0053,79.82K,0.08%
2020-10-27,1.0090,1.0060,1.0112,1.0051,108.86K,0.30%
2020-10-26,1.0060,1.0066,1.0085,1.0049,163.95K,-0.06%
2020-10-25,1.0066,1.0076,1.0090,1.0064,41.10K,-0.09%
2020-10-24,1.0076,1.0067,1.0109,1.0067,46.78K,0.09%
2020-10-23,1.0067,1.0082,1.0119,1.0062,168.79K,-0.15%
2020-10-22,1.0082,1.0083,1.0125,1.0080,89.83K,-0.01%
2020-10-21,1.0083,1.0095,1.0133,1.0072,118.96K,-0.12%
2020-10-20,1.0095,1.0084,1.0118,1.0062,117.47K,0.11%
2020-10-19,1.0084,1.0104,1.0119,1.0080,47.32K,-0.20%
2020-10-18,1.0104,1.0095,1.0116,1.0086,8.20K,0.09%
2020-10-17,1.0095,1.0069,1.0125,1.0063,24.86K,0.26%
2020-10-16,1.0069,1.0103,1.0123,1.0039,151.20K,-0.34%
2020-10-15,1.0103,1.0099,1.0128,1.0097,61.80K,0.04%
2020-10-14,1.0099,1.0110,1.0132,1.0099,79.06K,-0.11%
2020-10-13,1.0110,1.0096,1.0135,1.0088,39.51K,0.13%
2020-10-12,1.0096,1.0103,1.0136,1.0085,42.16K,-0.06%
2020-10-11,1.0103,1.0118,1.0127,1.0080,63.04K,-0.15%
2020-10-10,1.0118,1.0122,1.0145,1.0098,55.42K,-0.16%
2020-10-09,1.0134,1.0104,1.0137,1.0061,81.13K,0.30%
2020-10-08,1.0104,1.0104,1.0123,1.0086,17.99K,0.00%
2020-10-07,1.0104,1.0119,1.0138,1.0081,47.33K,-0.15%
2020-10-06,1.0119,1.0133,1.0140,1.0087,32.86K,-0.14%
2020-10-05,1.0133,1.0117,1.0136,1.0091,69.78K,0.16%
2020-10-04,1.0117,1.0102,1.0143,1.0098,34.37K,0.14%
2020-10-03,1.0102,1.0118,1.0147,1.0100,78.68K,-0.16%
2020-10-02,1.0118,1.0068,1.0144,1.0062,59.32K,0.50%
2020-10-01,1.0068,1.0107,1.0155,1.0058,200.32K,-0.39%
2020-09-30,1.0107,1.0138,1.0153,1.0106,148.85K,-0.31%
2020-09-29,1.0138,1.0148,1.0177,1.0124,95.31K,-0.10%
2020-09-28,1.0148,1.0136,1.0158,1.0105,87.93K,0.12%
2020-09-27,1.0136,1.0100,1.0154,1.0100,33.14K,0.36%
2020-09-26,1.0100,1.0126,1.0146,1.0030,1.03M,-0.26%
2020-09-25,1.0126,1.0143,1.0152,1.0106,78.52K,-0.16%
2020-09-24,1.0143,1.0147,1.0167,1.0107,96.23K,-0.04%
2020-09-23,1.0147,1.0142,1.0169,1.0115,57.45K,0.05%
2020-09-22,1.0142,1.0111,1.0154,1.0107,67.83K,0.30%
2020-09-21,1.0111,1.0136,1.0158,1.0107,42.23K,-0.24%
2020-09-20,1.0136,1.0121,1.0160,1.0109,83.60K,0.15%
2020-09-19,1.0121,1.0196,1.0236,1.0115,63.51K,-0.74%
2020-09-18,1.0196,1.0216,1.0265,1.0178,124.39K,-0.19%
2020-09-17,1.0216,1.0232,1.0241,1.0164,78.21K,-0.16%
2020-09-16,1.0232,1.0234,1.0269,1.0160,201.98K,-0.02%
2020-09-15,1.0234,1.0348,1.0444,1.0217,91.58K,-1.10%
2020-09-14,1.0348,1.0232,1.0466,1.0232,124.45K,1.14%
2020-09-13,1.0232,1.0318,1.0318,1.0206,62.87K,-0.83%
2020-09-12,1.0318,1.0382,1.0405,1.0296,50.62K,-0.62%
2020-09-11,1.0382,1.0336,1.0382,1.0291,34.53K,0.45%
2020-09-10,1.0336,1.0295,1.0349,1.0239,124.49K,0.39%
2020-09-09,1.0295,1.0265,1.0309,1.0182,114.07K,0.30%
2020-09-08,1.0265,1.0275,1.0310,1.0241,153.27K,-0.10%
2020-09-07,1.0275,1.0202,1.0293,1.0171,100.76K,0.72%
2020-09-06,1.0202,1.0185,1.0297,1.0150,144.92K,0.17%
2020-09-05,1.0185,1.0190,1.0292,1.0133,722.43K,-0.05%
2020-09-04,1.0190,1.0088,1.0228,1.0030,466.75K,1.00%
2020-09-03,1.0088,1.0106,1.0153,1.0051,343.82K,-0.17%
2020-09-02,1.0106,1.0176,1.0243,1.0085,936.21K,-0.69%
2020-09-01,1.0176,1.0179,1.0223,1.0127,354.59K,-0.03%
2020-08-31,1.0179,1.0182,1.0221,1.0109,434.84K,-0.03%
2020-08-30,1.0182,1.0148,1.0254,1.0093,194.75K,0.33%
2020-08-29,1.0148,1.0149,1.0168,1.0114,22.39K,-0.01%
2020-08-28,1.0149,1.0162,1.0168,1.0114,71.82K,-0.13%
2020-08-27,1.0162,1.0190,1.0213,1.0142,42.16K,-0.28%
2020-08-26,1.0190,1.0151,1.0220,1.0141,86.36K,0.38%
2020-08-25,1.0151,1.0160,1.0216,1.0129,183.97K,-0.08%
2020-08-24,1.0160,1.0076,1.0192,1.0040,98.16K,0.83%
2020-08-23,1.0076,1.0045,1.0096,0.9970,66.53K,0.31%
2020-08-22,1.0045,1.0095,1.0097,1.0025,40.52K,-0.49%
2020-08-21,1.0095,1.0062,1.0124,1.0058,60.64K,0.32%
2020-08-20,1.0062,1.0070,1.0117,1.0046,34.52K,-0.08%
2020-08-19,1.0070,1.0042,1.0124,1.0042,88.97K,0.28%
2020-08-18,1.0042,1.0100,1.0114,1.0041,43.84K,-0.57%
2020-08-17,1.0100,1.0103,1.0132,1.0071,119.59K,-0.03%
2020-08-16,1.0103,1.0116,1.0157,1.0056,70.85K,-0.12%
2020-08-15,1.0116,1.0078,1.0140,0.9969,46.31K,0.37%
2020-08-14,1.0078,1.0205,1.0234,1.0058,188.45K,-1.24%
2020-08-13,1.0205,1.0174,1.0343,1.0082,199.72K,0.30%
2020-08-12,1.0174,1.0159,1.0225,1.0130,25.62K,0.15%
2020-08-11,1.0159,1.0166,1.0271,1.0146,27.61K,-0.06%
2020-08-10,1.0166,1.0157,1.0226,1.0143,44.85K,0.08%
2020-08-09,1.0157,1.0189,1.0210,1.0144,43.50K,-0.31%
2020-08-08,1.0189,1.0148,1.0189,1.0129,29.24K,0.43%
2020-08-07,1.0146,1.0125,1.0180,1.0120,28.49K,0.20%
2020-08-06,1.0125,1.0139,1.0191,1.0117,45.17K,-0.14%
2020-08-05,1.0139,1.0104,1.0169,1.0088,45.81K,0.35%
2020-08-04,1.0104,1.0128,1.0175,1.0104,74.61K,-0.24%
2020-08-03,1.0128,1.0170,1.0217,1.0101,54.49K,-0.42%
2020-08-02,1.0170,1.0165,1.0278,1.0122,117.05K,0.05%
2020-08-01,1.0165,1.0238,1.0285,1.0150,203.06K,-0.72%
2020-07-31,1.0238,1.0304,1.0336,1.0125,118.00K,-0.64%
2020-07-30,1.0304,1.0315,1.0387,1.0231,102.59K,-0.11%
2020-07-29,1.0315,1.0244,1.0407,1.0148,358.39K,0.70%
2020-07-28,1.0244,1.0158,1.0249,1.0143,61.65K,0.85%
2020-07-27,1.0158,1.0119,1.0219,1.0099,181.03K,0.38%
2020-07-26,1.0119,1.0056,1.0182,1.0023,213.43K,0.62%
2020-07-25,1.0056,1.0369,1.0369,1.0056,190.42K,-3.01%
2020-07-24,1.0369,1.0319,1.0369,1.0255,190.59K,0.48%
2020-07-23,1.0319,1.0286,1.0977,1.0242,192.16K,0.33%
2020-07-22,1.0286,1.0104,1.0374,1.0103,89.29K,1.80%
2020-07-21,1.0104,1.0137,1.0152,1.0100,51.02K,-0.33%
2020-07-20,1.0137,1.0112,1.0199,1.0092,113.50K,0.25%
2020-07-19,1.0112,1.0132,1.0202,1.0090,40.93K,-0.20%
2020-07-18,1.0132,1.0128,1.0166,1.0127,4.87K,0.04%
2020-07-17,1.0128,1.0158,1.0183,1.0117,63.88K,-0.30%
2020-07-16,1.0158,1.0138,1.0191,1.0122,70.75K,0.19%
2020-07-15,1.0138,1.0170,1.0200,1.0119,35.66K,-0.31%
2020-07-14,1.0170,1.0175,1.0214,1.0152,20.01K,-0.05%
2020-07-13,1.0175,1.0212,1.0251,1.0162,22.25K,-0.36%
2020-07-12,1.0212,1.0195,1.0239,1.0188,9.29K,0.17%
2020-07-11,1.0195,1.0214,1.0229,1.0190,14.69K,-0.19%
2020-07-10,1.0214,1.0191,1.0228,1.0191,20.97K,0.22%
2020-07-09,1.0191,1.0198,1.0241,1.0147,38.86K,-0.06%
2020-07-08,1.0198,1.0190,1.0210,1.0146,18.73K,0.08%
2020-07-07,1.0190,1.0173,1.0217,1.0145,24.92K,0.16%
2020-07-06,1.0173,1.0135,1.0215,1.0095,43.09K,0.38%
2020-07-05,1.0135,1.0157,1.0214,1.0132,21.03K,-0.22%
2020-07-04,1.0157,1.0173,1.0182,1.0147,14.41K,-0.16%
2020-07-03,1.0173,1.0113,1.0215,1.0113,50.40K,0.59%
2020-07-02,1.0113,1.0114,1.0199,1.0080,120.13K,-0.01%
2020-07-01,1.0114,1.0056,1.0199,1.0050,414.14K,0.58%
2020-06-30,1.0056,1.0046,1.0093,1.0033,92.33K,0.10%
2020-06-29,1.0046,1.0041,1.0088,1.0031,84.86K,0.06%
2020-06-28,1.0041,1.0054,1.0094,1.0030,20.87K,-0.13%
2020-06-27,1.0054,1.0051,1.0097,1.0030,59.07K,0.03%
2020-06-26,1.0051,1.0058,1.0100,1.0012,101.96K,-0.07%
2020-06-25,1.0058,1.0073,1.0099,1.0050,60.88K,-0.15%
2020-06-24,1.0073,1.0099,1.0119,1.0056,46.76K,-0.25%
2020-06-23,1.0099,1.0098,1.0199,1.0075,66.88K,0.01%
2020-06-22,1.0098,1.0087,1.0190,1.0081,34.98K,0.11%
2020-06-21,1.0087,1.0076,1.0114,1.0072,18.80K,0.11%
2020-06-20,1.0076,1.0060,1.0200,1.0053,68.14K,0.16%
2020-06-19,1.0060,1.0065,1.0201,1.0037,184.00K,-0.05%
2020-06-18,1.0065,1.0058,1.0106,1.0037,107.45K,0.07%
2020-06-17,1.0058,1.0038,1.0087,1.0027,54.50K,0.20%
2020-06-16,1.0038,1.0064,1.0096,1.0026,48.46K,-0.26%
2020-06-15,1.0064,1.0090,1.0142,1.0052,101.72K,-0.25%
2020-06-14,1.0090,0.9969,1.0109,0.9954,163.57K,1.22%
2020-06-13,0.9969,0.9955,1.0017,0.9954,37.18K,0.14%
2020-06-12,0.9955,1.0080,1.0082,0.9953,72.98K,-1.25%
2020-06-11,1.0080,1.0070,1.0081,1.0001,95.62K,0.11%
2020-06-10,1.0070,1.0041,1.0085,1.0024,44.88K,0.29%
2020-06-09,1.0041,1.0019,1.0046,1.0000,47.32K,0.22%
2020-06-08,1.0019,1.0000,1.0040,1.0000,50.50K,0.19%
2020-06-07,1.0000,1.0033,1.0039,1.0000,18.24K,-0.33%
2020-06-06,1.0033,1.0026,1.0041,1.0004,26.64K,0.07%
2020-06-05,1.0026,1.0032,1.0038,0.9971,77.89K,-0.06%
2020-06-04,1.0032,1.0022,1.0081,0.9999,40.47K,0.10%
2020-06-03,1.0022,1.0037,1.0040,1.0006,47.60K,-0.15%
2020-06-02,1.0037,1.0016,1.0072,1.0016,65.93K,0.21%
2020-06-01,1.0016,1.0050,1.0087,1.0015,91.43K,-0.34%
2020-05-31,1.0050,1.0034,1.0078,1.0016,30.88K,0.16%
2020-05-30,1.0034,1.0055,1.0090,1.0024,59.50K,-0.21%
2020-05-29,1.0055,1.0070,1.0085,1.0015,64.96K,-0.15%
2020-05-28,1.0070,1.0098,1.0105,1.0040,119.22K,-0.28%
2020-05-27,1.0098,1.0067,1.0100,1.0039,78.51K,0.31%
2020-05-26,1.0067,1.0037,1.0100,1.0018,76.34K,0.30%
2020-05-25,1.0037,1.0069,1.0105,1.0030,101.48K,-0.32%
2020-05-24,1.0069,1.0087,1.0104,1.0053,24.42K,-0.18%
2020-05-23,1.0087,1.0087,1.0105,1.0060,41.03K,0.00%
2020-05-22,1.0087,1.0074,1.0112,1.0027,56.13K,0.13%
2020-05-21,1.0074,1.0086,1.0114,1.0018,68.31K,-0.12%
2020-05-20,1.0086,1.0106,1.0106,1.0049,36.76K,-0.20%
2020-05-19,1.0106,1.0060,1.0107,1.0016,46.23K,0.46%
2020-05-18,1.0060,1.0049,1.0064,1.0016,70.52K,0.11%
2020-05-17,1.0049,1.0029,1.0078,1.0009,82.07K,0.20%
2020-05-16,1.0029,1.0126,1.0126,1.0013,43.30K,-0.96%
2020-05-15,1.0126,1.0133,1.0134,1.0048,58.28K,-0.07%
2020-05-14,1.0133,1.0107,1.0152,1.0030,70.01K,0.26%
2020-05-13,1.0107,1.0089,1.0140,1.0049,50.27K,0.18%
2020-05-12,1.0089,1.0060,1.0196,0.9978,67.03K,0.29%
2020-05-11,1.0060,1.0088,1.0115,0.9997,84.26K,-0.28%
2020-05-10,1.0088,1.0094,1.0119,0.9923,189.09K,-0.06%
2020-05-09,1.0094,1.0096,1.0130,1.0003,70.94K,-0.02%
2020-05-08,1.0096,1.0074,1.0109,1.0004,136.76K,0.22%
2020-05-07,1.0074,1.0097,1.0134,1.0055,46.34K,-0.22%
2020-05-06,1.0097,1.0048,1.0144,1.0045,39.92K,0.49%
2020-05-05,1.0048,1.0102,1.0144,1.0048,25.47K,-0.54%
2020-05-04,1.0102,1.0091,1.0149,1.0044,42.99K,0.11%
2020-05-03,1.0091,1.0124,1.0136,1.0088,20.40K,-0.33%
2020-05-02,1.0124,1.0132,1.0174,1.0124,7.03K,-0.08%
2020-05-01,1.0132,1.0110,1.0216,1.0109,78.49K,0.22%
2020-04-30,1.0110,1.0162,1.0209,1.0024,86.69K,-0.51%
2020-04-29,1.0162,1.0141,1.0248,1.0111,99.46K,0.21%
2020-04-28,1.0141,1.0217,1.0217,1.0123,17.32K,-0.74%
2020-04-27,1.0217,1.0158,1.0238,1.0106,54.84K,0.58%
2020-04-26,1.0158,1.0232,1.0255,1.0131,32.90K,-0.72%
2020-04-25,1.0232,1.0252,1.0252,1.0169,17.88K,-0.19%
2020-04-24,1.0252,1.0145,1.0298,1.0145,89.45K,1.05%
2020-04-23,1.0145,1.0156,1.0256,1.0140,34.55K,-0.11%
2020-04-22,1.0156,1.0187,1.0206,1.0155,6.95K,-0.31%
2020-04-21,1.0188,1.0162,1.0214,1.0144,8.39K,0.25%
2020-04-20,1.0162,1.0230,1.0284,1.0137,36.33K,-0.67%
2020-04-19,1.0230,1.0144,1.0235,1.0135,18.65K,0.85%
2020-04-18,1.0144,1.0166,1.0185,1.0131,7.99K,-0.21%
2020-04-17,1.0166,1.0204,1.0204,1.0100,48.94K,-0.37%
2020-04-16,1.0204,1.0141,1.0225,1.0141,24.64K,0.62%
2020-04-15,1.0141,1.0204,1.0204,1.0133,27.64K,-0.62%
2020-04-14,1.0204,1.0249,1.0249,1.0122,60.44K,-0.44%
2020-04-13,1.0249,1.0210,1.0249,1.0173,16.07K,0.38%
2020-04-12,1.0210,1.0302,1.0302,1.0209,16.86K,-0.90%
2020-04-11,1.0302,1.0192,1.0320,1.0146,72.88K,1.08%
2020-04-10,1.0192,1.0296,1.0367,1.0131,201.22K,-1.01%
2020-04-09,1.0296,1.0303,1.0320,1.0222,23.00K,-0.06%
2020-04-08,1.0303,1.0278,1.0384,1.0136,166.63K,0.24%
2020-04-07,1.0278,1.0100,1.0414,1.0100,126.36K,1.77%
2020-04-06,1.0100,1.0160,1.0180,1.0064,60.01K,-0.59%
2020-04-05,1.0160,1.0192,1.0206,1.0064,81.30K,-0.32%
2020-04-04,1.0192,1.0111,1.0197,1.0110,10.67K,0.81%
2020-04-03,1.0111,1.0316,1.0316,1.0050,96.09K,-1.99%
2020-04-02,1.0316,1.0334,1.0348,1.0212,23.39K,-0.17%
2020-04-01,1.0334,1.0260,1.0346,1.0187,32.05K,0.72%
2020-03-31,1.0260,1.0220,1.0306,1.0198,42.42K,0.40%
2020-03-30,1.0220,1.0226,1.0307,1.0197,20.86K,-0.06%
2020-03-29,1.0226,1.0223,1.0281,1.0164,5.62K,0.02%
2020-03-28,1.0223,1.0181,1.0314,1.0180,25.66K,0.42%
2020-03-27,1.0181,1.0229,1.0315,1.0179,31.09K,-0.47%
2020-03-26,1.0229,1.0260,1.0329,1.0187,26.10K,-0.30%
2020-03-25,1.0260,1.0394,1.0438,1.0178,63.30K,-1.30%
2020-03-24,1.0394,1.0399,1.0440,1.0268,17.24K,-0.05%
2020-03-23,1.0399,1.0339,1.0598,1.0232,68.51K,0.58%
2020-03-22,1.0339,1.0248,1.0454,1.0210,44.70K,0.89%
2020-03-21,1.0248,1.0349,1.0360,1.0155,21.90K,-0.98%
2020-03-20,1.0349,1.0188,1.0717,1.0139,233.59K,1.59%
2020-03-19,1.0188,1.0208,1.0227,1.0049,200.08K,-0.20%
2020-03-18,1.0208,1.0197,1.0220,1.0060,231.45K,0.11%
2020-03-17,1.0197,1.0409,1.0781,1.0078,447.24K,-2.04%
2020-03-16,1.0409,1.0367,1.1048,1.0241,198.75K,0.41%
2020-03-15,1.0367,1.0362,1.0908,1.0334,160.59K,0.04%
2020-03-14,1.0362,1.0177,1.0388,1.0161,90.70K,1.82%
2020-03-13,1.0177,1.0795,1.2365,1.0082,895.88K,-5.72%
2020-03-12,1.0795,1.0196,1.1203,1.0046,407.71K,5.87%
2020-03-11,1.0196,1.0074,1.0197,1.0040,82.88K,1.22%
2020-03-10,1.0074,1.0053,1.0118,1.0000,79.68K,0.20%
2020-03-09,1.0053,1.0072,1.0086,0.9958,153.82K,-0.18%
2020-03-08,1.0072,1.0045,1.0118,0.9996,122.57K,0.26%
2020-03-07,1.0045,1.0042,1.0080,1.0042,11.65K,0.03%
2020-03-06,1.0042,1.0046,1.0095,1.0036,17.10K,-0.04%
2020-03-05,1.0046,1.0106,1.0129,1.0019,16.83K,-0.60%
2020-03-04,1.0106,1.0145,1.0145,1.0053,27.93K,-0.38%
2020-03-03,1.0145,1.0115,1.0178,1.0096,12.95K,0.30%
2020-03-02,1.0115,1.0199,1.0488,1.0092,43.84K,-0.83%
2020-03-01,1.0199,1.0053,1.1144,1.0045,91.00K,1.45%
2020-02-29,1.0053,1.0059,1.0079,1.0000,21.62K,-0.06%
2020-02-28,1.0059,1.0048,1.0100,1.0032,21.08K,0.11%
2020-02-27,1.0048,1.0079,1.0217,1.0023,106.97K,-0.31%
2020-02-26,1.0079,1.0002,1.0100,0.9988,102.18K,0.76%
2020-02-25,1.0002,0.9997,1.0049,0.9988,17.41K,0.05%
2020-02-24,0.9997,1.0007,1.0049,0.9970,21.04K,-0.10%
2020-02-23,1.0007,1.0003,1.0007,0.9956,42.63K,0.04%
2020-02-22,1.0003,1.0011,1.0013,0.9960,16.11K,-0.08%
2020-02-21,1.0011,1.0024,1.0042,0.9972,23.65K,-0.13%
2020-02-20,1.0024,0.9996,1.0042,0.9973,31.09K,0.28%
2020-02-19,0.9996,0.9947,1.0053,0.9927,82.08K,0.49%
2020-02-18,0.9947,0.9999,1.0057,0.9909,20.81K,-0.51%
2020-02-17,0.9999,1.0024,1.0057,0.9978,27.99K,-0.25%
2020-02-16,1.0024,1.0000,1.0034,0.9961,79.06K,0.24%
2020-02-15,1.0000,0.9991,1.0000,0.9961,62.66K,0.09%
2020-02-14,0.9991,1.0001,1.0051,0.9990,32.95K,-0.10%
2020-02-13,1.0001,1.0023,1.0064,0.9912,114.18K,-0.22%
2020-02-12,1.0023,1.0152,1.0155,1.0000,56.96K,-1.27%
2020-02-11,1.0152,1.0126,1.0284,1.0025,111.74K,0.25%
2020-02-10,1.0126,1.0015,1.0159,1.0001,57.30K,1.11%
2020-02-09,1.0015,1.0110,1.0434,0.9973,191.06K,-0.94%
2020-02-08,1.0110,0.9920,1.0110,0.9920,37.51K,1.91%
2020-02-07,0.9920,0.9951,1.0100,0.9901,71.82K,-0.30%
2020-02-06,0.9951,1.0104,1.0118,0.9919,53.81K,-1.52%
2020-02-05,1.0104,1.0007,1.0289,1.0007,33.62K,0.97%
2020-02-04,1.0007,1.0010,1.0064,1.0007,9.70K,-0.03%
2020-02-03,1.0010,1.0055,1.0289,1.0009,36.32K,-0.45%
2020-02-02,1.0055,1.0017,1.0489,1.0009,131.73K,0.38%
2020-02-01,1.0017,1.0024,1.0584,0.9999,89.06K,-0.07%
2020-01-31,1.0024,1.0057,1.0057,0.9993,30.90K,-0.33%
2020-01-30,1.0057,0.9978,1.0057,0.9976,24.53K,0.79%
2020-01-29,0.9978,0.9990,1.0086,0.9951,83.82K,-0.12%
2020-01-28,0.9990,1.0042,1.0971,0.9966,123.57K,-0.52%
2020-01-27,1.0042,1.0036,1.0078,0.9954,18.66K,0.06%
2020-01-26,1.0036,1.0061,1.0062,0.9991,4.38K,-0.24%
2020-01-25,1.0061,1.0034,1.0064,0.9980,19.52K,0.27%
2020-01-24,1.0034,0.9973,1.0044,0.9956,28.26K,0.61%
2020-01-23,0.9973,0.9995,1.0006,0.9951,16.62K,-0.21%
2020-01-22,0.9995,0.9949,1.0000,0.9917,16.28K,0.46%
2020-01-21,0.9949,1.0001,1.0002,0.9945,18.10K,-0.51%
2020-01-20,1.0001,0.9990,1.0001,0.9950,30.89K,0.10%
2020-01-19,0.9990,0.9956,0.9990,0.9911,25.86K,0.35%
2020-01-18,0.9956,0.9958,0.9958,0.9900,25.76K,-0.02%
2020-01-17,0.9958,0.9916,1.0000,0.9900,86.68K,0.42%
2020-01-16,0.9916,1.0000,1.0000,0.9911,13.59K,-0.84%
2020-01-15,1.0000,0.9955,1.0000,0.9911,68.85K,0.45%
2020-01-14,0.9955,1.0014,1.0014,0.9797,59.98K,-0.59%
2020-01-13,1.0014,1.0012,1.0014,0.9956,11.83K,0.02%
2020-01-12,1.0012,1.0014,1.0015,0.9958,2.11K,-0.02%
2020-01-11,1.0014,1.0013,1.0014,0.9949,9.04K,0.01%
2020-01-10,1.0013,1.0006,1.0013,0.9944,13.83K,0.06%
2020-01-09,1.0007,1.0008,1.0009,0.9941,12.09K,-0.01%
2020-01-08,1.0008,0.9986,1.0008,0.9902,10.35K,0.22%
2020-01-07,0.9986,0.9941,0.9992,0.9930,6.38K,0.45%
2020-01-06,0.9941,0.9996,0.9996,0.9941,9.93K,-0.55%
2020-01-05,0.9996,1.0000,1.0000,0.9939,1.39K,-0.04%
2020-01-04,1.0000,1.0000,1.0000,0.9939,24.65K,0.00%
2020-01-03,1.0000,1.0008,1.0010,0.9945,28.17K,-0.08%
2020-01-02,1.0008,0.9963,1.0009,0.9957,75.30K,0.45%
2020-01-01,0.9963,1.0005,1.0005,0.9955,0.86K,-0.41%
2019-12-31,1.0005,1.0000,1.0009,0.9945,5.48K,0.04%
2019-12-30,1.0000,1.0008,1.0011,0.9910,13.46K,-0.08%
2019-12-29,1.0008,0.9999,1.0009,0.9983,4.88K,0.09%
2019-12-28,0.9999,1.0013,1.0013,0.9999,16.60K,-0.14%
2019-12-27,1.0013,0.9993,1.0013,0.9993,19.62K,0.20%
2019-12-26,0.9993,1.0010,1.0011,0.9982,8.83K,-0.18%
2019-12-25,1.0010,1.0000,1.0013,0.9998,4.65K,0.10%
2019-12-24,1.0000,0.9990,1.0019,0.9990,8.25K,0.10%
2019-12-23,0.9990,0.9993,1.0019,0.9989,18.80K,-0.02%
2019-12-22,0.9993,1.0022,1.0022,0.9992,27.83K,-0.29%
2019-12-21,1.0022,0.9999,1.0022,0.9980,4.67K,0.23%
2019-12-20,0.9999,1.0032,1.0032,0.9961,19.55K,-0.33%
2019-12-19,1.0032,1.0033,1.0033,0.9971,36.75K,-0.01%
2019-12-18,1.0033,1.0032,1.0033,0.9971,105.63K,0.01%
2019-12-17,1.0032,1.0023,1.0039,0.9999,67.42K,0.09%
2019-12-16,1.0023,1.0001,1.0023,1.0000,24.08K,0.22%
2019-12-15,1.0001,1.0025,1.0025,0.9995,10.12K,-0.24%
2019-12-14,1.0025,1.0023,1.0025,1.0021,28.52K,0.02%
2019-12-13,1.0023,0.9987,1.0023,0.9963,58.10K,0.36%
2019-12-12,0.9987,1.0094,1.0094,0.9987,35.91K,-1.06%
2019-12-11,1.0094,1.0067,1.0094,1.0013,35.15K,0.27%
2019-12-10,1.0067,1.0069,1.0075,1.0035,10.66K,-0.02%
2019-12-09,1.0069,0.9990,1.0069,0.9978,38.96K,0.79%
2019-12-08,0.9990,0.9985,0.9998,0.9980,7.72K,0.05%
2019-12-07,0.9985,1.0015,1.0015,0.9985,2.86K,-0.29%
2019-12-06,1.0015,0.9992,1.0015,0.9985,3.16K,0.23%
2019-12-05,0.9992,1.0035,1.0035,0.9977,9.73K,-0.43%
2019-12-04,1.0035,0.9995,1.0086,0.9980,27.77K,0.40%
2019-12-03,0.9995,0.9991,1.0010,0.9957,22.09K,0.05%
2019-12-02,0.9991,1.0036,1.0036,0.9975,8.20K,-0.45%
2019-12-01,1.0036,1.0027,1.0036,0.9988,12.05K,0.09%
2019-11-30,1.0027,1.0051,1.0051,1.0006,25.01K,-0.24%
2019-11-29,1.0051,1.0040,1.0095,0.9766,32.95K,0.11%
2019-11-28,1.0040,0.9992,1.0096,0.9990,16.24K,0.48%
2019-11-27,0.9992,0.9998,1.0044,0.9942,24.30K,-0.07%
2019-11-26,0.9998,0.9976,1.0041,0.9768,45.21K,0.23%
2019-11-25,0.9976,1.0099,1.0247,0.9468,262.98K,-1.22%
2019-11-24,1.0099,1.0060,1.0100,0.9975,24.62K,0.39%
2019-11-23,1.0060,1.0094,1.0111,1.0040,93.89K,-0.34%
2019-11-22,1.0094,1.0057,1.0391,1.0020,76.84K,0.37%
2019-11-21,1.0057,1.0052,1.0103,0.9986,131.69K,0.05%
2019-11-20,1.0052,1.0066,1.0067,1.0001,19.93K,-0.13%
2019-11-19,1.0066,1.0089,1.0089,1.0030,33.11K,-0.23%
2019-11-18,1.0089,1.0104,1.0143,1.0004,16.31K,-0.14%
2019-11-17,1.0104,1.0050,1.0104,1.0050,5.79K,0.54%
2019-11-16,1.0050,1.0063,1.0090,1.0027,30.12K,-0.13%
2019-11-15,1.0063,1.0079,1.0110,1.0044,31.57K,-0.16%
2019-11-14,1.0079,1.0072,1.0085,1.0040,18.35K,0.07%
2019-11-13,1.0072,1.0082,1.0082,1.0001,56.26K,-0.10%
2019-11-12,1.0082,1.0103,1.0113,1.0039,38.78K,-0.21%
2019-11-11,1.0103,1.0121,1.0121,1.0051,13.03K,-0.18%
2019-11-10,1.0121,1.0097,1.0132,1.0045,5.32K,0.24%
2019-11-09,1.0097,1.0089,1.0098,1.0050,178.83K,0.08%
2019-11-08,1.0089,1.0122,1.0122,1.0064,99.62K,-0.32%
2019-11-07,1.0122,1.0100,1.0123,1.0099,94.32K,0.22%
2019-11-06,1.0100,1.0043,1.0128,1.0038,87.97K,0.56%
2019-11-05,1.0043,1.0074,1.0166,1.0043,137.37K,-0.31%
2019-11-04,1.0074,1.0094,1.0182,1.0059,27.12K,-0.19%
2019-11-03,1.0094,1.0059,1.0110,1.0055,19.62K,0.35%
2019-11-02,1.0059,1.0062,1.0100,1.0052,19.39K,-0.03%
2019-11-01,1.0062,1.0126,1.0131,1.0056,19.08K,-0.64%
2019-10-31,1.0126,1.0097,1.0134,1.0060,48.95K,0.29%
2019-10-30,1.0097,1.0092,1.0110,1.0055,16.65K,0.05%
2019-10-29,1.0092,1.0075,1.0119,1.0063,41.25K,0.17%
2019-10-28,1.0075,1.0103,1.0144,1.0075,44.82K,-0.28%
2019-10-27,1.0103,1.0166,1.0212,1.0093,41.81K,-0.62%
2019-10-26,1.0166,1.0155,1.0488,1.0128,40.95K,0.11%
2019-10-25,1.0155,1.0168,1.0395,1.0103,19.86K,-0.13%
2019-10-24,1.0168,1.0115,1.0329,1.0079,9.55K,0.53%
2019-10-23,1.0115,1.0141,1.0599,1.0059,29.93K,-0.25%
2019-10-22,1.0141,1.0056,1.0593,1.0050,32.16K,0.84%
2019-10-21,1.0056,1.0073,1.0477,1.0030,89.92K,-0.17%
2019-10-20,1.0073,1.0026,1.0073,1.0025,3.71K,0.47%
2019-10-19,1.0026,1.0078,1.0079,1.0026,4.28K,-0.51%
2019-10-18,1.0078,1.0025,1.0079,1.0025,14.60K,0.53%
2019-10-17,1.0025,1.0049,1.0073,1.0002,9.96K,-0.24%
2019-10-16,1.0049,1.0079,1.0079,1.0002,53.73K,-0.30%
2019-10-15,1.0079,1.0102,1.0102,1.0031,10.33K,-0.22%
2019-10-14,1.0102,1.0045,1.0291,1.0038,49.49K,0.56%
2019-10-13,1.0045,1.0032,1.0066,1.0027,3.80K,0.13%
2019-10-12,1.0032,1.0032,1.0097,1.0032,26.07K,0.01%
2019-10-11,1.0032,1.0084,1.0105,1.0032,14.07K,-0.52%
2019-10-10,1.0084,1.0128,1.0128,1.0079,17.06K,-0.44%
2019-10-09,1.0128,1.0061,1.0168,1.0061,12.83K,0.67%
2019-10-08,1.0061,1.0119,1.0123,1.0061,11.15K,-0.57%
2019-10-07,1.0119,1.0065,1.0165,1.0052,23.46K,0.54%
2019-10-06,1.0065,1.0110,1.0116,1.0045,4.92K,-0.44%
2019-10-05,1.0110,1.0062,1.0125,1.0047,86.66K,0.47%
2019-10-04,1.0062,1.0068,1.0091,1.0006,17.02K,-0.06%
2019-10-03,1.0068,1.0086,1.0104,1.0004,96.82K,-0.17%
2019-10-02,1.0086,1.0022,1.0097,1.0022,3.83K,0.64%
2019-10-01,1.0022,1.0088,1.0118,1.0022,10.37K,-0.66%
2019-09-30,1.0089,1.0065,1.0156,1.0048,56.72K,0.23%
2019-09-29,1.0065,1.0067,1.0119,1.0040,17.05K,-0.01%
2019-09-28,1.0067,1.0085,1.0143,1.0057,5.76K,-0.18%
2019-09-27,1.0085,1.0076,1.0151,1.0053,10.11K,0.08%
2019-09-26,1.0076,1.0076,1.0173,1.0007,36.95K,0.01%
2019-09-25,1.0076,1.0043,1.0140,1.0005,651.87K,0.32%
2019-09-24,1.0043,1.0050,1.0186,0.9961,209.54K,-0.07%
2019-09-23,1.0050,1.0036,1.0069,1.0035,20.82K,0.13%
2019-09-22,1.0036,1.0077,1.0082,1.0036,30.84K,-0.41%
2019-09-21,1.0077,1.0051,1.0079,1.0044,9.41K,0.26%
2019-09-20,1.0051,1.0071,1.0081,1.0048,6.23K,-0.20%
2019-09-19,1.0071,1.0081,1.0093,1.0021,52.79K,-0.10%
2019-09-18,1.0081,1.0052,1.0100,1.0021,50.21K,0.29%
2019-09-17,1.0052,1.0105,1.0118,0.9922,359.73K,-0.53%
2019-09-16,1.0105,1.0100,1.0123,1.0086,10.01K,0.05%
2019-09-15,1.0100,1.0093,1.0103,1.0065,6.28K,0.07%
2019-09-14,1.0093,1.0102,1.0144,1.0081,20.69K,-0.10%
2019-09-13,1.0102,1.0070,1.0135,1.0070,5.30K,0.32%
2019-09-12,1.0070,1.0078,1.0132,1.0031,22.91K,-0.08%
2019-09-11,1.0078,1.0124,1.0124,1.0065,4.27K,-0.46%
2019-09-10,1.0124,1.0152,1.0152,1.0031,11.51K,-0.27%
2019-09-09,1.0152,1.0129,1.0186,1.0103,6.07K,0.23%
2019-09-08,1.0129,1.0136,1.0178,1.0095,7.13K,-0.07%
2019-09-07,1.0136,1.0109,1.0197,1.0069,11.82K,0.26%
2019-09-06,1.0109,1.0147,1.0150,1.0004,40.67K,-0.38%
2019-09-05,1.0147,1.0172,1.0300,1.0098,62.41K,-0.24%
2019-09-04,1.0172,1.0152,1.0468,1.0099,15.70K,0.19%
2019-09-03,1.0152,1.0177,1.0341,1.0100,13.48K,-0.24%
2019-09-02,1.0177,1.0173,1.0388,1.0096,32.73K,0.03%
2019-09-01,1.0173,1.0133,1.0176,1.0071,13.24K,0.40%
2019-08-31,1.0133,1.0134,1.0161,1.0069,33.49K,-0.01%
2019-08-30,1.0134,1.0138,1.0289,1.0041,94.57K,-0.04%
2019-08-29,1.0138,1.0085,1.0213,1.0050,65.79K,0.52%
2019-08-28,1.0085,1.0146,1.0152,1.0040,123.12K,-0.60%
2019-08-27,1.0146,1.0073,1.0147,1.0054,3.08K,0.73%
2019-08-26,1.0073,1.0082,1.0211,1.0041,37.03K,-0.09%
2019-08-25,1.0082,1.0061,1.0098,1.0061,7.26K,0.21%
2019-08-24,1.0061,1.0060,1.0090,1.0043,8.63K,0.00%
2019-08-23,1.0061,1.0116,1.0116,1.0051,29.78K,-0.55%
2019-08-22,1.0116,1.0077,1.0235,1.0060,86.25K,0.39%
2019-08-21,1.0077,1.0098,1.0205,1.0053,54.79K,-0.21%
2019-08-20,1.0098,1.0080,1.0118,1.0052,12.40K,0.18%
2019-08-19,1.0080,1.0051,1.0089,1.0049,15.96K,0.29%
2019-08-18,1.0051,1.0064,1.0090,1.0022,17.00K,-0.12%
2019-08-17,1.0064,1.0062,1.0074,1.0021,10.91K,0.01%
2019-08-16,1.0062,1.0032,1.0075,1.0013,49.42K,0.30%
2019-08-15,1.0032,1.0108,1.0261,1.0026,82.90K,-0.76%
2019-08-14,1.0108,1.0042,1.0265,0.9977,181.96K,0.66%
2019-08-13,1.0042,1.0069,1.0069,0.9999,56.54K,-0.27%
2019-08-12,1.0069,1.0020,1.0072,0.9998,23.31K,0.49%
2019-08-11,1.0020,0.9999,1.0037,0.9994,20.68K,0.21%
2019-08-10,0.9999,0.9963,1.0359,0.9871,145.44K,0.36%
2019-08-09,0.9963,1.0068,1.4567,0.9870,336.23K,-1.04%
2019-08-08,1.0068,1.0046,1.0072,1.0011,7.69K,0.22%
2019-08-07,1.0046,1.0042,1.0120,1.0010,69.00K,0.04%
2019-08-06,1.0042,1.0045,1.0094,1.0017,37.58K,-0.03%
2019-08-05,1.0045,1.0050,1.0066,1.0014,24.97K,-0.05%
2019-08-04,1.0050,1.0047,1.0066,1.0007,15.52K,0.03%
2019-08-03,1.0047,1.0002,1.0047,1.0002,24.08K,0.45%
2019-08-02,1.0002,1.0042,1.0265,0.9974,82.89K,-0.40%
2019-08-01,1.0042,1.0003,1.0042,1.0002,17.38K,0.39%
2019-07-31,1.0003,1.0057,1.0061,0.9922,91.12K,-0.54%
2019-07-30,1.0057,1.0108,1.0108,0.9922,238.66K,-0.51%
2019-07-29,1.0108,1.0006,1.0109,0.9995,77.14K,1.02%
2019-07-28,1.0006,1.0021,1.0042,0.9951,26.55K,-0.15%
2019-07-27,1.0021,1.0042,1.0092,0.9963,16.94K,-0.22%
2019-07-26,1.0042,1.0048,1.0105,1.0019,51.87K,-0.05%
2019-07-25,1.0048,0.9974,1.0056,0.9935,57.21K,0.74%
2019-07-24,0.9974,0.9965,0.9997,0.9927,21.08K,0.08%
2019-07-23,0.9965,0.9994,1.0000,0.9911,24.36K,-0.29%
2019-07-22,0.9994,0.9972,1.0003,0.9901,41.88K,0.22%
2019-07-21,0.9972,0.9960,1.0137,0.9928,147.24K,0.12%
2019-07-20,0.9960,0.9903,0.9960,0.9867,106.54K,0.58%
2019-07-19,0.9903,0.9850,0.9903,0.9800,32.07K,0.54%
2019-07-18,0.9850,0.9800,0.9882,0.9784,63.99K,0.51%
2019-07-17,0.9800,0.9871,0.9930,0.9767,183.83K,-0.71%
2019-07-16,0.9871,0.9947,0.9957,0.9809,181.76K,-0.77%
2019-07-15,0.9947,0.9731,0.9963,0.9650,124.50K,2.22%
2019-07-14,0.9731,0.9791,0.9920,0.9602,213.82K,-0.62%
2019-07-13,0.9791,0.9719,0.9884,0.9719,56.29K,0.74%
2019-07-12,0.9719,0.9784,0.9900,0.9719,108.17K,-0.66%
2019-07-11,0.9784,0.9839,0.9869,0.9780,233.94K,-0.56%
2019-07-10,0.9839,0.9921,0.9985,0.9803,212.47K,-0.83%
2019-07-09,0.9921,0.9931,0.9948,0.9896,92.71K,-0.10%
2019-07-08,0.9931,0.9953,0.9987,0.9894,51.28K,-0.22%
2019-07-07,0.9953,0.9976,0.9977,0.9903,27.36K,-0.24%
2019-07-06,0.9976,0.9920,0.9977,0.9883,34.16K,0.57%
2019-07-05,0.9920,0.9898,0.9932,0.9864,157.43K,0.22%
2019-07-04,0.9898,0.9891,0.9970,0.9770,82.60K,0.07%
2019-07-03,0.9891,0.9991,0.9998,0.9851,89.96K,-1.00%
2019-07-02,0.9991,0.9968,0.9991,0.9903,73.34K,0.23%
2019-07-01,0.9968,1.0005,1.0100,0.9766,241.37K,-0.36%
2019-06-30,1.0005,1.0027,1.0035,0.9896,44.72K,-0.22%
2019-06-29,1.0027,0.9991,1.0100,0.9944,86.20K,0.35%
2019-06-28,0.9991,1.0011,1.0102,0.9969,83.14K,-0.20%
2019-06-27,1.0011,1.0173,1.0240,0.9991,96.56K,-1.59%
2019-06-26,1.0173,1.0059,1.0223,0.9943,190.35K,1.13%
2019-06-25,1.0059,1.0006,1.0156,0.9994,124.49K,0.53%
2019-06-24,1.0006,1.0033,1.0135,0.9936,76.38K,-0.26%
2019-06-23,1.0032,0.9993,1.0151,0.9840,422.12K,0.38%
2019-06-22,0.9993,0.9990,1.0169,0.9977,324.99K,0.03%
2019-06-21,0.9990,1.0024,1.0024,0.9956,46.73K,-0.34%
2019-06-20,1.0024,0.9968,1.0024,0.9953,23.39K,0.57%
2019-06-19,0.9968,0.9936,1.0018,0.9936,31.49K,0.32%
2019-06-18,0.9936,0.9976,0.9999,0.9929,39.77K,-0.40%
2019-06-17,0.9976,0.9987,1.0012,0.9940,48.16K,-0.11%
2019-06-16,0.9987,1.0095,1.0095,0.9936,72.37K,-1.07%
2019-06-15,1.0095,0.9981,1.0097,0.9961,57.35K,1.15%
2019-06-14,0.9981,0.9952,1.0009,0.9940,88.09K,0.29%
2019-06-13,0.9952,0.9974,1.0002,0.9941,121.42K,-0.22%
2019-06-12,0.9974,0.9977,1.0029,0.9962,68.30K,-0.02%
2019-06-11,0.9977,1.0016,1.0016,0.9974,28.23K,-0.39%
2019-06-10,1.0016,1.0002,1.0020,0.9941,106.39K,0.14%
2019-06-09,1.0002,0.9994,1.0031,0.9993,25.17K,0.08%
2019-06-08,0.9994,1.0018,1.0027,0.9991,21.86K,-0.24%
2019-06-07,1.0018,1.0029,1.0045,0.9983,173.68K,-0.11%
2019-06-06,1.0029,1.0028,1.0059,0.9971,49.91K,0.01%
2019-06-05,1.0028,1.0052,1.0081,0.9894,227.94K,-0.24%
2019-06-04,1.0052,0.9985,1.0078,0.9954,121.65K,0.67%
2019-06-03,0.9985,0.9976,1.0001,0.9928,57.67K,0.09%
2019-06-02,0.9976,0.9983,0.9995,0.9904,85.48K,-0.07%
2019-06-01,0.9983,0.9910,1.0016,0.9904,89.41K,0.74%
2019-05-31,0.9910,0.9982,1.0031,0.9891,61.87K,-0.73%
2019-05-30,0.9982,1.0034,1.0155,0.9982,140.30K,-0.52%
2019-05-29,1.0034,1.0021,1.0086,0.9985,165.56K,0.12%
2019-05-28,1.0021,1.0023,1.0025,0.9721,527.69K,-0.01%
2019-05-27,1.0023,0.9990,1.0102,0.9962,124.01K,0.33%
2019-05-26,0.9990,0.9958,1.0040,0.9927,168.47K,0.31%
2019-05-25,0.9958,0.9915,0.9991,0.9915,65.86K,0.44%
2019-05-24,0.9915,0.9954,0.9990,0.9915,101.32K,-0.38%
2019-05-23,0.9954,1.0027,1.0053,0.9926,100.60K,-0.73%
2019-05-22,1.0027,0.9990,1.0027,0.9930,62.19K,0.37%
2019-05-21,0.9990,0.9979,1.0089,0.9937,69.47K,0.11%
2019-05-20,0.9979,0.9980,1.0044,0.9934,96.19K,-0.01%
2019-05-19,0.9980,1.0004,1.0050,0.9900,121.53K,-0.24%
2019-05-18,1.0004,1.0102,1.0131,0.9995,62.51K,-0.97%
2019-05-17,1.0102,1.0138,1.0400,1.0011,259.98K,-0.36%
2019-05-16,1.0138,1.0086,1.0295,0.9995,377.15K,0.52%
2019-05-15,1.0086,1.0029,1.0242,0.9942,204.69K,0.57%
2019-05-14,1.0029,0.9833,1.0037,0.9821,145.19K,1.99%
2019-05-13,0.9833,0.9852,0.9948,0.9784,62.82K,-0.19%
2019-05-12,0.9852,0.9735,0.9930,0.9707,118.66K,1.20%
2019-05-11,0.9735,0.9978,1.0034,0.9605,387.25K,-2.44%
2019-05-10,0.9978,1.0106,1.0141,0.9916,170.00K,-1.26%
2019-05-09,1.0106,1.0356,1.0358,1.0103,85.53K,-2.42%
2019-05-08,1.0356,1.0406,1.0444,1.0173,278.59K,-0.48%
2019-05-07,1.0406,1.0322,1.0535,1.0311,296.59K,0.81%
2019-05-06,1.0322,1.0346,1.0645,1.0240,461.34K,-0.23%
2019-05-05,1.0346,1.0352,1.0453,1.0173,365.99K,-0.05%
2019-05-04,1.0352,1.0327,1.0472,1.0210,306.26K,0.24%
2019-05-03,1.0327,1.0406,1.0614,1.0181,447.20K,-0.76%
2019-05-02,1.0406,1.0360,1.0484,1.0200,223.91K,0.45%
2019-05-01,1.0360,1.0374,1.0524,1.0200,358.79K,-0.14%
2019-04-30,1.0374,1.0391,1.0519,1.0284,234.17K,-0.16%
2019-04-29,1.0391,1.0342,1.0517,1.0185,197.86K,0.47%
2019-04-28,1.0342,1.0147,1.0521,1.0076,287.75K,1.93%
2019-04-27,1.0147,1.0294,1.0380,1.0107,42.48K,-1.43%
2019-04-26,1.0294,0.9847,1.0392,0.9838,826.77K,4.54%
2019-04-25,0.9847,0.9750,0.9847,0.9750,182.18K,1.00%
2019-04-24,0.9750,0.9882,0.9882,0.9600,208.16K,-1.33%
2019-04-23,0.9882,0.9934,0.9934,0.9881,0.01K,-0.52%
2019-04-22,0.9934,0.9522,0.9934,0.9522,1.10K,4.33%
2019-04-21,0.9522,0.9611,0.9771,0.9522,1.02K,-0.93%
2019-04-20,0.9611,0.9611,0.9611,0.9611,-,0.00%
2019-04-19,0.9611,0.9790,0.9790,0.9533,0.24K,-1.83%
2019-04-18,0.9790,0.9676,0.9790,0.9658,1.09K,1.18%
2019-04-17,0.9676,0.9608,0.9716,0.9600,0.48K,0.71%
2019-04-16,0.9608,0.9520,0.9765,0.9520,1.18K,0.92%
2019-04-15,0.9520,0.9423,0.9740,0.9423,2.39K,1.03%
2019-04-14,0.9423,0.9725,0.9725,0.9423,0.02K,-3.11%
2019-04-13,0.9725,0.9486,0.9750,0.9455,1.12K,2.52%
2019-04-12,0.9486,0.9180,0.9486,0.9180,0.84K,3.33%
2019-04-11,0.9180,0.9417,0.9750,0.9003,1.38K,-2.52%
2019-04-10,0.9417,0.9600,0.9600,0.9412,1.10K,-1.91%
2019-04-09,0.9600,0.9550,0.9790,0.9400,16.58K,0.52%
2019-04-08,0.9550,0.9551,0.9551,0.9534,4.08K,-0.01%
2019-04-07,0.9551,0.9657,0.9713,0.9541,4.98K,-1.10%
2019-04-06,0.9657,0.9640,0.9685,0.9591,0.45K,0.18%
2019-04-05,0.9640,0.9717,0.9717,0.9560,1.78K,-0.79%
2019-04-04,0.9717,0.9635,0.9750,0.9626,2.04K,0.85%
2019-04-03,0.9635,0.9868,0.9868,0.9621,2.11K,-2.36%
2019-04-02,0.9868,0.9900,0.9900,0.9532,4.91K,-0.32%
2019-04-01,0.9900,0.9850,0.9900,0.9850,0.11K,0.51%
2019-03-31,0.9850,0.9874,0.9874,0.9345,4.42K,-0.24%
2019-03-30,0.9874,0.9620,0.9874,0.9614,0.28K,2.64%
2019-03-29,0.9620,0.9878,0.9878,0.9611,0.10K,-2.61%
2019-03-28,0.9878,0.9600,0.9878,0.9600,0.59K,2.90%
2019-03-27,0.9600,0.9749,0.9749,0.9600,0.44K,-1.53%
2019-03-26,0.9749,0.9743,0.9749,0.9743,0.25K,0.06%
2019-03-25,0.9743,0.9772,0.9772,0.9743,0.42K,-0.30%
2019-03-24,0.9772,0.9713,0.9772,0.9712,0.43K,0.61%
2019-03-23,0.9713,0.9500,0.9900,0.9500,4.15K,2.24%
2019-03-22,0.9500,0.9700,0.9700,0.9330,2.15K,-2.06%
2019-03-21,0.9700,0.9650,0.9700,0.9117,2.62K,0.52%
2019-03-20,0.9650,0.9651,0.9832,0.9650,2.56K,-0.01%
2019-03-19,0.9651,0.9709,0.9709,0.9651,0.05K,-0.60%
2019-03-18,0.9709,0.9650,0.9709,0.9650,0.50K,0.61%
2019-03-17,0.9650,0.9967,0.9967,0.9650,1.59K,-3.18%
2019-03-16,0.9967,0.9702,0.9967,0.9702,0.53K,2.73%
2019-03-15,0.9702,0.9646,0.9970,0.9646,1.13K,0.58%
2019-03-14,0.9646,0.9890,0.9900,0.9646,0.14K,-2.47%
2019-03-13,0.9890,0.9846,0.9890,0.9846,0.02K,0.45%
2019-03-12,0.9846,0.9900,0.9900,0.9553,1.33K,-0.55%
2019-03-11,0.9900,0.9664,0.9900,0.9664,1.03K,2.44%
2019-03-10,0.9664,0.9551,0.9665,0.9535,0.73K,1.18%
2019-03-09,0.9551,0.9536,0.9600,0.9535,0.23K,0.16%
2019-03-08,0.9536,0.9556,0.9556,0.9536,0.15K,-0.21%
2019-03-07,0.9556,0.9511,0.9670,0.9511,2.98K,0.47%
2019-03-06,0.9511,0.9549,0.9602,0.9490,0.21K,-0.40%
2019-03-05,0.9549,0.9624,0.9884,0.9436,0.46K,-0.78%
2019-03-04,0.9624,0.9500,0.9833,0.8735,0.72K,1.31%
2019-03-03,0.9500,0.9475,0.9897,0.7810,0.49K,-3.99%
2019-03-02,0.9895,0.9895,0.9895,0.9895,-,0.00%
2019-03-01,0.9895,0.9804,0.9895,0.9804,2.07K,0.93%
2019-02-28,0.9804,0.9885,0.9896,0.9774,5.22K,-0.82%
2019-02-27,0.9885,0.9877,0.9887,0.9810,4.68K,0.08%
2019-02-26,0.9877,0.9890,0.9890,0.9877,1.24K,-0.13%
2019-02-25,0.9890,0.9854,0.9909,0.9803,0.67K,0.37%
2019-02-24,0.9854,0.9889,0.9990,0.9817,6.86K,-0.35%
2019-02-23,0.9889,0.9886,0.9893,0.9836,1.17K,0.03%
2019-02-22,0.9886,1.0007,1.0015,0.9886,10.61K,-1.21%
2019-02-21,1.0007,0.9809,1.0048,0.9809,11.91K,2.02%
2019-02-20,0.9809,0.9753,0.9935,0.9753,1.70K,0.57%
2019-02-19,0.9753,0.9883,0.9995,0.9753,3.61K,-1.32%
2019-02-18,0.9883,0.9809,0.9999,0.9753,3.02K,0.75%
2019-02-17,0.9809,0.9813,0.9813,0.9809,0.14K,-0.04%
2019-02-16,0.9813,1.0005,1.0005,0.9795,0.45K,-1.92%
2019-02-15,1.0005,0.9876,1.0005,0.9791,0.23K,1.31%
2019-02-14,0.9876,1.0009,1.0009,0.9801,0.45K,-1.33%
2019-02-13,1.0009,1.0044,1.0048,1.0009,0.09K,-0.35%
2019-02-12,1.0044,1.0038,1.0044,1.0038,0.06K,0.06%
2019-02-11,1.0038,1.0000,1.0041,1.0000,2.74K,0.38%
2019-02-10,1.0000,0.9894,1.0000,0.9808,4.00K,1.07%
2019-02-09,0.9894,0.9754,0.9894,0.9754,3.63K,1.44%
2019-02-08,0.9754,0.9773,0.9773,0.9754,0.90K,-0.19%
2019-02-07,0.9773,1.0041,1.0041,0.9773,0.87K,-2.67%
2019-02-06,1.0041,1.0041,1.0041,1.0041,-,0.00%
2019-02-05,1.0041,1.0041,1.0041,1.0041,-,2.98%
2019-02-04,0.9750,0.9750,0.9750,0.9750,-,0.00%
2019-02-03,0.9750,1.0006,1.0006,0.9750,1.14K,-2.56%
2019-02-02,1.0006,0.9998,1.0006,0.9757,3.08K,0.08%
2019-02-01,0.9998,0.9959,0.9998,0.9959,1.50K,0.39%
2019-01-31,0.9959,0.9998,0.9998,0.9712,0.85K,2.63%
2019-01-30,0.9832,0.9704,0.9704,0.9704,-,0.00%
2019-01-29,0.9704,0.9704,0.9704,0.9704,-,0.00%
2019-01-28,0.9704,0.9924,0.9998,0.9703,1.31K,-2.22%
2019-01-27,0.9924,0.9988,0.9998,0.9712,1.91K,-0.64%
2019-01-26,0.9988,0.9960,0.9998,0.9939,3.87K,0.28%
2019-01-25,0.9960,0.9955,0.9960,0.9852,1.34K,0.05%
2019-01-24,0.9955,0.9712,0.9955,0.9712,1.80K,2.50%
2019-01-23,0.9712,0.9712,0.9954,0.9712,0.36K,0.00%
2019-01-22,0.9712,0.9954,0.9954,0.9712,0.00K,-2.43%
2019-01-21,0.9954,0.9955,0.9955,0.9954,0.40K,-0.01%
2019-01-20,0.9955,0.9960,0.9960,0.9930,2.17K,-0.05%
2019-01-19,0.9960,0.9950,0.9960,0.9900,1.61K,0.10%
2019-01-18,0.9950,0.9959,0.9959,0.9950,0.58K,-0.09%
2019-01-17,0.9959,0.9712,0.9960,0.9712,0.82K,2.54%
2019-01-16,0.9712,0.9999,0.9999,0.9712,0.24K,-2.87%
2019-01-15,0.9999,0.9999,0.9999,0.9780,0.81K,0.00%
2019-01-14,0.9999,0.9701,0.9999,0.9701,0.24K,3.07%
2019-01-13,0.9701,0.9701,0.9701,0.9701,-,0.00%
2019-01-12,0.9701,0.9900,0.9900,0.9701,0.05K,-2.01%
2019-01-11,0.9900,0.9790,0.9900,0.9790,0.88K,1.12%
2019-01-10,0.9790,0.9897,0.9900,0.9790,0.36K,-1.08%
2019-01-09,0.9897,1.0000,1.0000,0.9803,0.01K,-1.03%
2019-01-08,1.0000,0.9900,1.0000,0.9790,0.27K,1.01%
2019-01-07,0.9900,0.9900,0.9900,0.9800,0.49K,0.00%