Date,Open,High,Low,Close,SBD-USD,Volume
2019-01-07,0.786221,0.811220,0.774477,0.805036,0.805036,118036
2019-01-08,0.805723,0.845891,0.795414,0.830034,0.830034,332022
2019-01-09,0.831215,0.847173,0.818388,0.843628,0.843628,57215
2019-01-10,0.844527,0.861039,0.732601,0.733226,0.733226,194582
2019-01-11,0.735069,0.742992,0.724114,0.730967,0.730967,78278
2019-01-12,0.732952,0.748338,0.594065,0.747071,0.747071,83182
2019-01-13,0.746593,0.786656,0.713239,0.720264,0.720264,62992
2019-01-14,0.724391,0.759291,0.711822,0.754485,0.754485,83977
2019-01-15,0.754451,0.772654,0.738749,0.749468,0.749468,49774
2019-01-16,0.756797,0.842009,0.748130,0.833333,0.833333,147290
2019-01-17,0.834561,0.903229,0.825102,0.863186,0.863186,279711
2019-01-18,0.864209,0.929791,0.846485,0.922998,0.922998,332188
2019-01-19,0.920155,0.944617,0.877846,0.926340,0.926340,220118
2019-01-20,0.911191,0.963578,0.889889,0.944610,0.944610,240361
2019-01-21,0.944645,0.974332,0.912466,0.922238,0.922238,198097
2019-01-22,0.926466,0.951287,0.887034,0.948033,0.948033,122806
2019-01-23,0.948362,0.972488,0.939667,0.953182,0.953182,143895
2019-01-24,0.954994,0.971574,0.933005,0.951452,0.951452,73707
2019-01-25,0.953149,0.969729,0.900995,0.919217,0.919217,76262
2019-01-26,0.922165,0.949847,0.920545,0.935289,0.935289,37995
2019-01-27,0.935314,0.939023,0.889231,0.896495,0.896495,52914
2019-01-28,0.893758,0.899810,0.855366,0.876944,0.876944,38215
2019-01-29,0.877654,0.882153,0.849088,0.877485,0.877485,26170
2019-01-30,0.878615,0.910204,0.872814,0.886661,0.886661,35027
2019-01-31,0.885968,0.894044,0.825003,0.839602,0.839602,135517
2019-02-01,0.840262,0.856958,0.817149,0.848481,0.848481,13242
2019-02-02,0.841692,0.890561,0.841692,0.884533,0.884533,23473
2019-02-03,0.884585,0.927317,0.883439,0.900280,0.900280,66475
2019-02-04,0.902504,0.923890,0.887565,0.892275,0.892275,51387
2019-02-05,0.890284,0.900562,0.848836,0.864354,0.864354,48714
2019-02-06,0.863137,0.866209,0.828376,0.828376,0.828376,93645
2019-02-07,0.828535,0.917362,0.824961,0.862550,0.862550,219375
2019-02-08,0.861961,0.932173,0.855475,0.890181,0.890181,241867
2019-02-09,0.890142,0.917479,0.889080,0.895148,0.895148,56483
2019-02-10,0.895367,0.933816,0.886625,0.924987,0.924987,59726
2019-02-11,0.925555,0.925555,0.892520,0.902396,0.902396,72189
2019-02-12,0.903509,0.921046,0.890110,0.904888,0.904888,35293
2019-02-13,0.906488,0.914981,0.885362,0.903750,0.903750,40667
2019-02-14,0.902792,0.918162,0.890955,0.908959,0.908959,53664
2019-02-15,0.910530,0.941335,0.900761,0.928314,0.928314,48255
2019-02-16,0.928575,0.957064,0.898810,0.957064,0.957064,122227
2019-02-17,0.957382,0.972806,0.925276,0.961662,0.961662,182842
2019-02-18,0.955573,0.976539,0.941240,0.963244,0.963244,116952
2019-02-19,0.967440,0.971157,0.941291,0.959224,0.959224,80216
2019-02-20,0.959581,0.982372,0.945233,0.977444,0.977444,61791
2019-02-21,0.979368,0.979368,0.908772,0.942973,0.942973,121114
2019-02-22,0.941680,0.965846,0.941680,0.960138,0.960138,23722
2019-02-23,0.961705,0.967657,0.941361,0.961375,0.961375,62693
2019-02-24,0.964220,0.971424,0.903751,0.943432,0.943432,78530
2019-02-25,0.938945,0.968809,0.921313,0.964687,0.964687,136392
2019-02-26,0.961343,0.975691,0.943955,0.972599,0.972599,116270
2019-02-27,0.972320,0.989566,0.960715,0.986432,0.986432,72958
2019-02-28,0.986220,1.009910,0.954651,0.995173,0.995173,222796
2019-03-01,0.995314,1.004938,0.969552,0.980012,0.980012,174402
2019-03-02,0.979042,0.982761,0.954446,0.977727,0.977727,79156
2019-03-03,0.977260,1.009309,0.968589,0.978115,0.978115,48773
2019-03-04,0.981240,0.992571,0.940538,0.962864,0.962864,115547
2019-03-05,0.964267,1.002946,0.958527,0.996008,0.996008,106524
2019-03-06,0.995436,1.002366,0.983163,0.998526,0.998526,42972
2019-03-07,0.998143,1.015512,0.985504,0.996919,0.996919,125293
2019-03-08,0.997382,1.004273,0.973792,0.983684,0.983684,50499
2019-03-09,0.983410,0.999622,0.955691,0.980187,0.980187,46194
2019-03-10,0.976972,1.020005,0.963878,0.985196,0.985196,224026
2019-03-11,0.987849,1.009654,0.963354,1.002238,1.002238,97175
2019-03-12,0.987022,1.095144,0.969419,0.990738,0.990738,642059
2019-03-13,0.987299,1.406754,0.978826,1.076251,1.076251,3041998
2019-03-14,1.086368,1.151125,1.038960,1.104185,1.104185,1186701
2019-03-15,1.103850,1.133757,1.049187,1.070259,1.070259,232137
2019-03-16,1.070190,1.112917,1.039000,1.046295,1.046295,480658
2019-03-17,1.052885,1.067275,1.013420,1.047293,1.047293,161097
2019-03-18,1.040992,1.047267,0.987824,1.016216,1.016216,186787
2019-03-19,1.023935,1.348338,1.009492,1.080137,1.080137,5244108
2019-03-20,1.080856,1.096272,1.038705,1.058473,1.058473,978950
2019-03-21,1.062424,1.071761,1.003539,1.037021,1.037021,469073
2019-03-22,1.050043,1.050043,1.003886,1.035361,1.035361,275183
2019-03-23,1.036113,1.061854,1.012286,1.032371,1.032371,147770
2019-03-24,1.035465,1.047158,1.015016,1.045452,1.045452,152463
2019-03-25,1.047895,1.069982,1.017974,1.029115,1.029115,293999
2019-03-26,1.028402,1.028402,0.973130,1.004462,1.004462,237831
2019-03-27,1.004751,1.025557,0.994126,1.016077,1.016077,138908
2019-03-28,1.016077,1.024897,0.983976,1.008909,1.008909,177062
2019-03-29,1.008909,1.009613,0.986698,1.001544,1.001544,150496
2019-03-30,1.001137,1.004495,0.966199,0.986254,0.986254,126230
2019-03-31,0.986254,1.011289,0.978553,0.997228,0.997228,170842
2019-04-01,0.997299,1.002882,0.977532,0.989815,0.989815,163806
2019-04-02,0.989963,1.036154,0.973811,1.029347,1.029347,594670
2019-04-03,1.029547,1.093793,1.021896,1.043010,1.043010,604943
2019-04-04,1.043129,1.070624,1.021398,1.042648,1.042648,244482
2019-04-05,1.041892,1.096898,1.029356,1.091131,1.091131,437359
2019-04-06,1.091200,1.094444,1.044335,1.058382,1.058382,193691
2019-04-07,1.058140,1.092916,1.048387,1.074201,1.074201,234826
2019-04-08,1.074226,1.162269,1.009400,1.075490,1.075490,886805
2019-04-09,1.075490,1.079386,1.018919,1.047904,1.047904,193726
2019-04-10,1.047876,1.059306,1.027762,1.038073,1.038073,167365
2019-04-11,1.038141,1.042184,0.953642,0.991278,0.991278,331311
2019-04-12,0.991193,1.009215,0.957639,0.999572,0.999572,111650
2019-04-13,0.999526,1.014824,0.983011,0.989776,0.989776,76484
2019-04-14,0.989776,1.024529,0.976342,1.015435,1.015435,89187
2019-04-15,1.015435,1.079628,0.991137,0.991344,0.991344,547277
2019-04-16,0.991343,1.014230,0.976021,1.004226,1.004226,106014
2019-04-17,1.004176,1.026549,0.983719,1.022401,1.022401,102539
2019-04-18,1.022403,1.026514,0.998605,1.020169,1.020169,125200
2019-04-19,1.020163,1.028164,0.999795,1.024918,1.024918,113765
2019-04-20,1.025046,1.035856,1.009207,1.019417,1.019417,114895
2019-04-21,1.019417,1.026403,0.975336,0.987564,0.987564,120634
2019-04-22,0.987690,0.996352,0.970034,0.980979,0.980979,79786
2019-04-23,0.980979,0.983264,0.959825,0.965564,0.965564,92465
2019-04-24,0.965493,0.975447,0.912642,0.953281,0.953281,230234
2019-04-25,0.953317,0.957676,0.916329,0.932543,0.932543,177113
2019-04-26,0.934271,0.965153,0.921432,0.965056,0.965056,137344
2019-04-27,0.965362,0.981947,0.950846,0.962976,0.962976,97886
2019-04-28,0.963079,0.986796,0.962896,0.984679,0.984679,97942
2019-04-29,0.985005,0.986608,0.942965,0.949110,0.949110,52932
2019-04-30,0.949136,0.974926,0.943505,0.974926,0.974926,90371
2019-05-01,0.974836,0.978716,0.947115,0.959882,0.959882,35253
2019-05-02,0.959995,0.983337,0.957310,0.977715,0.977715,53019
2019-05-03,0.976071,0.982369,0.955205,0.971920,0.971920,46939
2019-05-04,0.971920,0.982727,0.952205,0.974544,0.974544,26463
2019-05-05,0.974502,0.974889,0.955882,0.958818,0.958818,28128
2019-05-06,0.958639,0.980015,0.946804,0.969810,0.969810,38188
2019-05-07,0.969703,0.991210,0.948247,0.948632,0.948632,74232
2019-05-08,0.947946,0.966026,0.933882,0.938278,0.938278,87732
2019-05-09,0.938278,0.952070,0.928158,0.936551,0.936551,66925
2019-05-10,0.936368,0.955496,0.922019,0.929207,0.929207,116539
2019-05-11,0.929207,0.978660,0.920165,0.965948,0.965948,206978
2019-05-12,0.966284,0.966284,0.929320,0.941163,0.941163,233973
2019-05-13,0.941163,0.964735,0.930635,0.946155,0.946155,130183
2019-05-14,0.946407,1.015331,0.946407,1.008556,1.008556,536044
2019-05-15,1.008446,1.071782,0.974980,1.071782,1.071782,473124
2019-05-16,1.071491,1.155675,0.985163,1.017574,1.017574,945564
2019-05-17,1.017491,1.108742,0.955920,0.989433,0.989433,495067
2019-05-18,0.989433,1.006599,0.964940,0.976124,0.976124,126631
2019-05-19,0.976207,1.002867,0.969256,0.994143,0.994143,129905
2019-05-20,0.994165,0.994836,0.964342,0.982099,0.982099,88962
2019-05-21,0.982064,1.034044,0.974841,1.009274,1.009274,316283
2019-05-22,1.009258,1.048302,0.983570,0.991509,0.991509,171377
2019-05-23,0.991509,1.041006,0.956505,0.996884,0.996884,498214
2019-05-24,0.996943,1.026393,0.984570,1.011018,1.011018,233201
2019-05-25,1.011018,1.018900,0.994210,1.006380,1.006380,116232
2019-05-26,1.006380,1.027929,0.978138,1.014884,1.014884,266863
2019-05-27,1.014907,1.180512,1.002329,1.072844,1.072844,2058417
2019-05-28,1.072777,1.075817,1.024866,1.057233,1.057233,369685
2019-05-29,1.057202,1.118541,1.014660,1.050869,1.050869,613223
2019-05-30,1.050879,1.069887,0.986587,0.993474,0.993474,342776
2019-05-31,0.993474,1.030485,0.978509,1.017442,1.017442,159147
2019-06-01,1.017472,1.025520,0.989694,1.007161,1.007161,100246
2019-06-02,1.007161,1.032381,0.999095,1.032062,1.032062,153183
2019-06-03,1.032699,1.032699,1.002898,1.007009,1.007009,137220
2019-06-04,1.006871,1.015706,0.967328,0.976864,0.976864,294512
2019-06-05,0.977312,0.994004,0.968075,0.990127,0.990127,83514
2019-06-06,0.990164,0.997307,0.972727,0.984763,0.984763,72886
2019-06-07,0.984526,1.040371,0.972430,1.010489,1.010489,292087
2019-06-08,1.010464,1.120679,1.008340,1.063309,1.063309,1260052
2019-06-09,1.063309,1.325562,1.018630,1.028613,1.028613,3607753
2019-06-10,1.028377,1.065118,1.009433,1.064562,1.064562,529430
2019-06-11,1.065167,1.065167,1.019291,1.047846,1.047846,237557
2019-06-12,1.047846,1.054720,1.023988,1.034732,1.034732,145828
2019-06-13,1.034860,1.043127,1.013929,1.018774,1.018774,131419
2019-06-14,1.018896,1.045121,1.008095,1.024090,1.024090,189567
2019-06-15,1.024150,1.026425,0.997583,1.014242,1.014242,120804
2019-06-16,1.014242,1.085984,1.007656,1.042946,1.042946,424393
2019-06-17,1.043061,1.044680,1.014430,1.028144,1.028144,156020
2019-06-18,1.028048,1.035231,1.007343,1.025722,1.025722,146917
2019-06-19,1.025836,1.033943,1.020301,1.025623,1.025623,100727
2019-06-20,1.025565,1.037123,1.012539,1.024402,1.024402,176730
2019-06-21,1.024572,1.024572,1.001631,1.012698,1.012698,125321
2019-06-22,1.012698,1.046098,1.002311,1.041919,1.041919,251037
2019-06-23,1.041946,1.049444,1.016657,1.038603,1.038603,165245
2019-06-24,1.038603,1.039174,1.016270,1.033065,1.033065,66848
2019-06-25,1.033469,1.042090,0.990543,1.009603,1.009603,480857
2019-06-26,1.009603,1.036071,0.995359,1.022335,1.022335,577614
2019-06-27,1.023875,1.032976,0.951629,0.984651,0.984651,1322263
2019-06-28,0.984651,1.025166,0.972926,1.004426,1.004426,635902
2019-06-29,1.004852,1.024602,0.978418,1.014632,1.014632,97701
2019-06-30,1.014410,1.029893,0.978628,0.978628,0.978628,145062
2019-07-01,0.978628,1.010089,0.970882,1.009598,1.009598,269267
2019-07-02,1.009698,1.013213,0.969567,0.991708,0.991708,159370
2019-07-03,0.991708,1.005744,0.969439,0.993956,0.993956,164474
2019-07-04,0.993933,1.007492,0.976742,0.987556,0.987556,79202
2019-07-05,0.987553,1.005395,0.973463,0.981009,0.981009,103215
2019-07-06,0.980904,1.000842,0.974770,0.975230,0.975230,102181
2019-07-07,0.975230,1.010362,0.974246,1.004622,1.004622,56258
2019-07-08,1.004619,1.008669,0.987333,0.994723,0.994723,43489
2019-07-09,0.994777,0.996236,0.981028,0.990712,0.990712,69874
2019-07-10,0.990714,1.000947,0.944745,0.973502,0.973502,253130
2019-07-11,0.973555,0.991077,0.908680,0.932973,0.932973,408803
2019-07-12,0.933309,0.956212,0.895081,0.949326,0.949326,158925
2019-07-13,0.949515,0.954589,0.915954,0.933216,0.933216,99554
2019-07-14,0.933465,0.948903,0.877839,0.932961,0.932961,321276
2019-07-15,0.932976,0.934704,0.902935,0.929692,0.929692,246170
2019-07-16,0.929633,0.936804,0.872019,0.885324,0.885324,105034
2019-07-17,0.884477,0.898645,0.806403,0.866293,0.866293,205378
2019-07-18,0.866540,0.964970,0.855716,0.935961,0.935961,257345
2019-07-19,0.935961,0.954904,0.915401,0.954649,0.954649,45124
2019-07-20,0.954736,0.974085,0.937865,0.961029,0.961029,96933
2019-07-21,0.960630,0.969557,0.920633,0.934599,0.934599,93916
2019-07-22,0.934758,0.970651,0.927337,0.960025,0.960025,113399
2019-07-23,0.959995,1.000069,0.923710,0.955467,0.955467,325996
2019-07-24,0.955467,0.960612,0.901606,0.938115,0.938115,180142
2019-07-25,0.940048,0.969074,0.937825,0.957832,0.957832,64665
2019-07-26,0.957648,0.965687,0.922306,0.953568,0.953568,74709
2019-07-27,0.953568,0.975434,0.919109,0.965266,0.965266,61792
2019-07-28,0.964792,0.977917,0.945326,0.955905,0.955905,25687
2019-07-29,0.955877,0.967100,0.928267,0.947862,0.947862,171711
2019-07-30,0.947576,0.967066,0.934045,0.956401,0.956401,65617
2019-07-31,0.956285,0.972803,0.950616,0.972130,0.972130,59766
2019-08-01,0.972348,0.976900,0.944848,0.958188,0.958188,67108
2019-08-02,0.957927,0.972224,0.938523,0.951071,0.951071,45061
2019-08-03,0.950939,0.957524,0.908260,0.955522,0.955522,34780
2019-08-04,0.955630,0.968713,0.935408,0.948765,0.948765,87162
2019-08-05,0.948603,0.982344,0.902415,0.931178,0.931178,147729
2019-08-06,0.930582,0.933333,0.893988,0.915619,0.915619,92720
2019-08-07,0.915513,0.943398,0.893063,0.938079,0.938079,87366
2019-08-08,0.942232,0.960305,0.909952,0.926652,0.926652,102935
2019-08-09,0.926379,0.929770,0.834985,0.857094,0.857094,118784
2019-08-10,0.857094,0.863976,0.825276,0.845339,0.845339,112693
2019-08-11,0.845287,0.904232,0.841034,0.893149,0.893149,111751
2019-08-12,0.893297,0.907328,0.880097,0.892825,0.892825,35542
2019-08-13,0.892911,0.906110,0.871085,0.881688,0.881688,37407
2019-08-14,0.881675,0.918464,0.833167,0.840549,0.840549,101233
2019-08-15,0.841569,0.857226,0.800109,0.840678,0.840678,206318
2019-08-16,0.840755,0.851139,0.809114,0.822924,0.822924,107106
2019-08-17,0.823058,0.838361,0.818473,0.823456,0.823456,14445
2019-08-18,0.823538,0.859278,0.816291,0.848577,0.848577,68358
2019-08-19,0.848809,0.871836,0.843282,0.860984,0.860984,39168
2019-08-20,0.860984,0.865838,0.823847,0.843186,0.843186,22321
2019-08-21,0.843069,0.850407,0.800563,0.830400,0.830400,57561
2019-08-22,0.830400,0.851117,0.812448,0.848280,0.848280,49004
2019-08-23,0.848280,0.853764,0.836441,0.836554,0.836554,14043
2019-08-24,0.836513,0.849745,0.823708,0.844581,0.844581,18364
2019-08-25,0.844581,0.862230,0.838924,0.855556,0.855556,39162
2019-08-26,0.856075,0.860460,0.828734,0.833500,0.833500,14832
2019-08-27,0.833590,0.833590,0.820812,0.824040,0.824040,6668
2019-08-28,0.824038,0.827353,0.811773,0.813376,0.813376,9582
2019-08-29,0.813393,0.827046,0.797422,0.810622,0.810622,48275
2019-08-30,0.810622,0.820359,0.801677,0.813705,0.813705,15226
2019-08-31,0.813885,0.825914,0.806994,0.817518,0.817518,9155
2019-09-01,0.817615,0.819776,0.800728,0.800936,0.800936,8039
2019-09-02,0.800955,0.817512,0.787533,0.809767,0.809767,18717
2019-09-03,0.809841,0.816544,0.792936,0.805128,0.805128,16708
2019-09-04,0.804985,0.812466,0.789601,0.801830,0.801830,29976
2019-09-05,0.801856,0.848805,0.801822,0.814126,0.814126,171933
2019-09-06,0.814126,0.815367,0.791267,0.794471,0.794471,49271
2019-09-07,0.794604,0.801842,0.783875,0.801767,0.801767,11033
2019-09-08,0.801519,0.815709,0.789525,0.808784,0.808784,17985
2019-09-09,0.808935,0.815434,0.789190,0.800169,0.800169,51409
2019-09-10,0.800154,0.819599,0.795241,0.801655,0.801655,22589
2019-09-11,0.801681,0.807389,0.790706,0.801543,0.801543,6237
2019-09-12,0.801993,0.803852,0.787210,0.797767,0.797767,5648
2019-09-13,0.798077,0.801141,0.786914,0.795017,0.795017,5749
2019-09-14,0.794784,0.808680,0.793060,0.794887,0.794887,973
2019-09-15,0.794887,0.801356,0.792785,0.793273,0.793273,6157
2019-09-16,0.793269,0.799026,0.782411,0.786004,0.786004,10728
2019-09-17,0.786013,0.791207,0.767910,0.778738,0.778738,10890
2019-09-18,0.778801,0.795078,0.680487,0.713680,0.713680,77400
2019-09-19,0.714339,1.007264,0.714262,0.813811,0.813811,2784250
2019-09-20,0.813920,0.820860,0.778665,0.784776,0.784776,172449
2019-09-21,0.784717,0.789684,0.772275,0.780623,0.780623,36543
2019-09-22,0.779840,0.782511,0.755250,0.776908,0.776908,47977
2019-09-23,0.776902,0.779242,0.749557,0.753162,0.753162,51504
2019-09-24,0.753211,0.754738,0.623226,0.633512,0.633512,66648
2019-09-25,0.633512,0.668699,0.586926,0.626777,0.626777,68979
2019-09-26,0.626615,0.645345,0.587071,0.601727,0.601727,39532
2019-09-27,0.601716,0.633070,0.599378,0.629267,0.629267,33972
2019-09-28,0.629256,0.654656,0.620629,0.648770,0.648770,14632
2019-09-29,0.648947,0.661804,0.611092,0.626534,0.626534,10530
2019-09-30,0.626479,0.642790,0.604540,0.636658,0.636658,23205
2019-10-01,0.636705,0.652878,0.630264,0.638668,0.638668,16509
2019-10-02,0.638777,0.658891,0.618904,0.655141,0.655141,16743
2019-10-03,0.654985,0.711520,0.648609,0.654997,0.654997,213567
2019-10-04,0.655001,0.692328,0.649850,0.663331,0.663331,31518
2019-10-05,0.671385,0.689570,0.659360,0.684226,0.684226,84758
2019-10-06,0.684192,0.688766,0.660905,0.667203,0.667203,18719
2019-10-07,0.666771,0.684269,0.651395,0.681042,0.681042,70670
2019-10-08,0.680902,0.713703,0.672091,0.713632,0.713632,58011
2019-10-09,0.713632,0.725906,0.702276,0.704267,0.704267,23362
2019-10-10,0.704351,0.712541,0.688756,0.694389,0.694389,20022
2019-10-11,0.694495,0.708144,0.671257,0.687872,0.687872,20155
2019-10-12,0.688072,0.689673,0.679013,0.680367,0.680367,3161
2019-10-13,0.680332,0.692795,0.679885,0.683864,0.683864,5459
2019-10-14,0.683864,0.688768,0.645909,0.670708,0.670708,9135
2019-10-15,0.670774,0.680054,0.643410,0.664605,0.664605,9267
2019-10-16,0.665997,0.688475,0.641162,0.686020,0.686020,22479
2019-10-17,0.686010,0.711521,0.667897,0.682044,0.682044,24406
2019-10-18,0.682044,0.724339,0.675378,0.677062,0.677062,48265
2019-10-19,0.676999,0.718700,0.670110,0.693323,0.693323,10814
2019-10-20,0.693206,0.706219,0.673328,0.680781,0.680781,6414
2019-10-21,0.680838,0.699778,0.664000,0.668595,0.668595,8886
2019-10-22,0.668617,0.689636,0.652085,0.668630,0.668630,9790
2019-10-23,0.668634,0.670151,0.616483,0.623423,0.623423,11514
2019-10-24,0.623423,0.638573,0.601591,0.638573,0.638573,26529
2019-10-25,0.638573,0.676484,0.622736,0.667905,0.667905,42453
2019-10-26,0.667790,0.713463,0.642423,0.650466,0.650466,22635
2019-10-27,0.650449,0.690310,0.648388,0.678849,0.678849,18695
2019-10-28,0.678815,0.752351,0.663946,0.725453,0.725453,87042
2019-10-29,0.725456,0.749729,0.695978,0.702366,0.702366,49584
2019-10-30,0.702379,0.709550,0.672815,0.688875,0.688875,19496
2019-10-31,0.688869,0.728640,0.680197,0.723593,0.723593,22208
2019-11-01,0.723547,0.723714,0.695610,0.715152,0.715152,22586
2019-11-02,0.715121,0.731805,0.706285,0.728199,0.728199,29969
2019-11-03,0.728206,0.728954,0.705653,0.716499,0.716499,17130
2019-11-04,0.716415,0.725924,0.704332,0.725717,0.725717,17773
2019-11-05,0.725717,0.737878,0.693389,0.712637,0.712637,33214
2019-11-06,0.712637,0.719186,0.703912,0.704529,0.704529,2594
2019-11-07,0.704567,0.719692,0.699011,0.701908,0.701908,6061
2019-11-08,0.701897,0.705892,0.682038,0.693851,0.693851,8890
2019-11-09,0.693839,0.697399,0.685310,0.693521,0.693521,7727
2019-11-10,0.693521,0.693631,0.665406,0.685459,0.685459,10461
2019-11-11,0.685459,0.692488,0.677022,0.678626,0.678626,4251
2019-11-12,0.678634,0.694580,0.659610,0.659886,0.659886,16272
2019-11-13,0.659878,0.698710,0.509760,0.516946,0.516946,96135
2019-11-14,0.516946,0.719691,0.488027,0.689475,0.689475,71977
2019-11-15,0.689503,0.702301,0.662717,0.686076,0.686076,35184
2019-11-16,0.686147,0.708656,0.681586,0.690658,0.690658,6470
2019-11-17,0.690658,0.724492,0.690627,0.718888,0.718888,17013
2019-11-18,0.718926,0.721201,0.690581,0.690595,0.690595,9059
2019-11-19,0.690593,0.709182,0.674663,0.676917,0.676917,9240
2019-11-20,0.676916,0.687162,0.653320,0.667415,0.667415,14458
2019-11-21,0.667409,0.679386,0.597291,0.605730,0.605730,23170
2019-11-22,0.605730,0.631530,0.566066,0.620760,0.620760,13252
2019-11-23,0.620797,0.646949,0.609845,0.634853,0.634853,7734
2019-11-24,0.634853,0.636485,0.620909,0.621303,0.621303,3636
2019-11-25,0.621313,0.645889,0.581680,0.619099,0.619099,27258
2019-11-26,0.619099,0.643498,0.608689,0.617355,0.617355,9889
2019-11-27,0.613720,0.957727,0.613540,0.750835,0.750835,446292
2019-11-28,0.750841,0.906474,0.742125,0.845049,0.845049,395927
2019-11-29,0.845041,0.962682,0.746648,0.788329,0.788329,405961
2019-11-30,0.788329,0.797781,0.688928,0.699248,0.699248,77786
2019-12-01,0.699271,0.788494,0.689800,0.756767,0.756767,176246
2019-12-02,0.756767,0.762577,0.684576,0.696689,0.696689,60341
2019-12-03,0.696710,0.733833,0.680618,0.702460,0.702460,62792
2019-12-04,0.702462,0.708138,0.675945,0.689336,0.689336,28313
2019-12-05,0.689314,0.703184,0.624242,0.633270,0.633270,47148
2019-12-06,0.633271,0.666978,0.631803,0.648242,0.648242,28488
2019-12-07,0.648242,0.653417,0.613389,0.630360,0.630360,16426
2019-12-08,0.630360,0.645271,0.617620,0.618500,0.618500,14027
2019-12-09,0.618496,0.630397,0.614888,0.630278,0.630278,9894
2019-12-10,0.630300,0.635807,0.609872,0.616161,0.616161,24821
2019-12-11,0.616162,0.616163,0.587808,0.593086,0.593086,31109
2019-12-12,0.593086,0.604864,0.591032,0.597084,0.597084,18817
2019-12-13,0.597068,0.690419,0.596332,0.667451,0.667451,43405
2019-12-14,0.667451,0.683188,0.624934,0.653782,0.653782,20422
2019-12-15,0.653766,0.654931,0.606125,0.623899,0.623899,7784
2019-12-16,0.615988,0.627915,0.604134,0.604134,0.604134,12149
2019-12-17,0.604134,0.611029,0.563665,0.578274,0.578274,38957
2019-12-18,0.578274,0.604959,0.551886,0.600929,0.600929,27270
2019-12-19,0.600929,0.619649,0.580933,0.610789,0.610789,10837
2019-12-20,0.610789,0.652243,0.610789,0.625113,0.625113,24473
2019-12-21,0.625113,0.636713,0.608731,0.615853,0.615853,10417
2019-12-22,0.615854,0.752964,0.615854,0.656428,0.656428,1069000
2019-12-23,0.652118,0.660742,0.605776,0.614214,0.614214,148640
2019-12-24,0.614223,0.619050,0.608688,0.609741,0.609741,28014
2019-12-25,0.609741,0.629158,0.608679,0.614417,0.614417,32600
2019-12-26,0.614422,0.614808,0.585765,0.595268,0.595268,39338
2019-12-27,0.595268,0.596491,0.579513,0.584837,0.584837,13532
2019-12-28,0.584845,0.602060,0.584121,0.592391,0.592391,9102
2019-12-29,0.592394,0.603894,0.585522,0.600013,0.600013,18652
2019-12-30,0.600013,0.604646,0.588724,0.601220,0.601220,14201
2019-12-31,0.601113,0.611406,0.596410,0.602112,0.602112,4540
2020-01-01,0.602112,0.602325,0.583430,0.593621,0.593621,9308
2020-01-02,0.593620,0.600561,0.585371,0.588653,0.588653,17781
2020-01-03,0.588704,0.611722,0.588052,0.600632,0.600632,13086
2020-01-04,0.600552,0.610308,0.588724,0.599448,0.599448,16900
2020-01-05,0.599414,0.606245,0.584489,0.587383,0.587383,12718
2020-01-06,0.587404,0.596805,0.579757,0.596779,0.596779,11571
2020-01-07,0.596905,0.604489,0.585444,0.593268,0.593268,16325
2020-01-08,0.593268,0.596507,0.584820,0.588291,0.588291,10674
2020-01-09,0.588188,0.595990,0.583446,0.595949,0.595949,9216
2020-01-10,0.598452,0.600825,0.576754,0.597067,0.597067,25039
2020-01-11,0.597032,0.618705,0.585736,0.612777,0.612777,34189
2020-01-12,0.612762,0.615922,0.600399,0.611586,0.611586,7376
2020-01-13,0.611610,0.614032,0.594000,0.598092,0.598092,10423
2020-01-14,0.598107,0.632250,0.598099,0.630536,0.630536,99389
2020-01-15,0.630531,0.651974,0.612814,0.632126,0.632126,91769
2020-01-16,0.631709,0.647797,0.608510,0.644884,0.644884,48149
2020-01-17,0.644886,0.666094,0.629661,0.655273,0.655273,65488
2020-01-18,0.655273,0.766419,0.641531,0.706569,0.706569,311286
2020-01-19,0.706561,0.740734,0.642230,0.648791,0.648791,140457
2020-01-20,0.648787,0.656931,0.631251,0.656889,0.656889,41052
2020-01-21,0.656857,0.801696,0.654903,0.727229,0.727229,672264
2020-01-22,0.727229,0.893599,0.695184,0.803113,0.803113,1538534
2020-01-23,0.803113,0.874347,0.725379,0.752859,0.752859,524048
2020-01-24,0.752870,1.030600,0.749680,0.811887,0.811887,1746588
2020-01-25,0.811887,0.853957,0.763114,0.804929,0.804929,417019
2020-01-26,0.804929,0.845032,0.787876,0.838302,0.838302,809601
2020-01-27,0.838303,0.846837,0.791475,0.833057,0.833057,452336
2020-01-28,0.833058,0.833299,0.807958,0.826624,0.826624,235970
2020-01-29,0.826624,0.828459,0.798138,0.811186,0.811186,156569
2020-01-30,0.811171,0.815708,0.778577,0.794634,0.794634,127433
2020-01-31,0.794627,0.800669,0.757980,0.785068,0.785068,70336
2020-02-01,0.785068,0.789150,0.768371,0.788399,0.788399,62687
2020-02-02,0.788394,0.793948,0.772019,0.787386,0.787386,78578
2020-02-03,0.787386,0.813105,0.782797,0.798959,0.798959,163355
2020-02-04,0.798959,0.832663,0.766213,0.830185,0.830185,333780
2020-02-05,0.828556,0.900208,0.821564,0.844826,0.844826,647963
2020-02-06,0.844854,0.869424,0.825494,0.858163,0.858163,246376
2020-02-07,0.857859,0.876464,0.843173,0.849603,0.849603,102074
2020-02-08,0.849611,0.960356,0.849602,0.939301,0.939301,1118414
2020-02-09,0.939301,0.956167,0.893614,0.919044,0.919044,330707
2020-02-10,0.919048,0.927354,0.855575,0.885710,0.885710,199194
2020-02-11,0.885710,0.910373,0.854900,0.906014,0.906014,155996
2020-02-12,0.906063,1.001223,0.892622,0.988581,0.988581,447708
2020-02-13,0.988579,1.023497,0.864240,1.000814,1.000814,863794
2020-02-14,1.000479,1.123651,0.958221,1.060147,1.060147,1551155
2020-02-15,1.060147,1.161066,0.900194,0.959483,0.959483,802407
2020-02-16,0.959483,1.287191,0.887296,0.988717,0.988717,1824285
2020-02-17,0.988716,1.001373,0.837479,0.932709,0.932709,496848
2020-02-18,0.932716,0.941534,0.857098,0.933304,0.933304,341601
2020-02-19,0.932834,0.959610,0.876282,0.893431,0.893431,175030
2020-02-20,0.893431,0.893971,0.817050,0.843458,0.843458,94429
2020-02-21,0.843408,0.855588,0.777956,0.808748,0.808748,84316
2020-02-22,0.808751,0.816265,0.742761,0.776453,0.776453,81893
2020-02-23,0.776453,0.826645,0.762493,0.800553,0.800553,70789
2020-02-24,0.800575,0.814928,0.750725,0.776882,0.776882,89920
2020-02-25,0.776879,0.778046,0.715096,0.726929,0.726929,62411
2020-02-26,0.726927,0.726927,0.677976,0.679947,0.679947,53663
2020-02-27,0.679938,0.743058,0.649628,0.738047,0.738047,182855
2020-02-28,0.738143,0.761850,0.679186,0.748065,0.748065,120565
2020-02-29,0.748055,0.789850,0.727371,0.760421,0.760421,53265
2020-03-01,0.760421,0.782447,0.739233,0.766844,0.766844,38460
2020-03-02,0.766826,0.794117,0.753374,0.773630,0.773630,34471
2020-03-03,0.773528,0.867710,0.773528,0.831947,0.831947,961727
2020-03-04,0.831947,0.843192,0.766010,0.801468,0.801468,154029
2020-03-05,0.801465,0.836148,0.796673,0.820997,0.820997,46591
2020-03-06,0.820997,0.842510,0.791316,0.842384,0.842384,72725
2020-03-07,0.842481,0.846353,0.793400,0.809669,0.809669,60913
2020-03-08,0.809679,0.814427,0.746295,0.766152,0.766152,89178
2020-03-09,0.764730,0.784547,0.726766,0.772521,0.772521,67790
2020-03-10,0.772716,0.893031,0.761757,0.869093,0.869093,162105
2020-03-11,0.869080,0.892421,0.815578,0.884804,0.884804,191894
2020-03-12,0.884828,0.884828,0.599451,0.599451,0.599451,77094
2020-03-13,0.599419,0.719379,0.549022,0.717924,0.717924,126543
2020-03-14,0.718108,0.795397,0.668731,0.742857,0.742857,127250
2020-03-15,0.742857,0.810268,0.704143,0.791761,0.791761,67020
2020-03-16,0.791757,0.799976,0.651420,0.668298,0.668298,38432
2020-03-17,0.668302,0.828669,0.668302,0.729551,0.729551,562166
2020-03-18,0.731137,0.938080,0.686565,0.938080,0.938080,1134815
2020-03-19,0.938047,1.417520,0.856130,1.073558,1.073558,9542272
2020-03-20,1.073564,1.108538,0.726517,0.749992,0.749992,1368296
2020-03-21,0.750001,0.812046,0.722443,0.745774,0.745774,986510
2020-03-22,0.745777,0.795700,0.705220,0.719551,0.719551,344803
2020-03-23,0.719551,0.758429,0.683247,0.732335,0.732335,201160
2020-03-24,0.734039,0.788641,0.687886,0.753612,0.753612,281949
2020-03-25,0.753612,0.764803,0.735875,0.755062,0.755062,60424
2020-03-26,0.759628,0.778392,0.719581,0.734743,0.734743,139087
2020-03-27,0.734750,0.766799,0.710470,0.715937,0.715937,142285
2020-03-28,0.715961,0.748815,0.708250,0.748815,0.748815,101229
2020-03-29,0.748819,0.753596,0.725305,0.735047,0.735047,32087
2020-03-30,0.734934,0.755966,0.734916,0.752635,0.752635,51751
2020-03-31,0.751740,0.778273,0.724446,0.777492,0.777492,65645
2020-04-01,0.777492,0.777492,0.732205,0.767067,0.767067,60028
2020-04-02,0.767025,0.794151,0.752949,0.788839,0.788839,70467
2020-04-03,0.788839,0.922136,0.779981,0.869833,0.869833,594369
2020-04-04,0.869833,0.901715,0.824176,0.878900,0.878900,127733
2020-04-05,0.878943,0.899012,0.856439,0.895043,0.895043,39615
2020-04-06,0.895160,0.935734,0.882038,0.931712,0.931712,40540
2020-04-07,0.931788,0.940902,0.905286,0.922278,0.922278,29697
2020-04-08,0.922031,0.942111,0.911239,0.941711,0.941711,18714
2020-04-09,0.938018,0.987425,0.903622,0.983688,0.983688,80517
2020-04-10,0.983651,1.013231,0.915153,1.005248,1.005248,98685
2020-04-11,1.005248,1.017098,0.955730,0.968117,0.968117,20179
2020-04-12,0.978318,1.021832,0.972112,0.998592,0.998592,12253
2020-04-13,0.998381,1.020936,0.947447,1.004875,1.004875,24475
2020-04-14,1.004969,1.005421,0.953063,0.986808,0.986808,15555
2020-04-15,0.976783,1.010505,0.959973,0.967310,0.967310,9743
2020-04-16,0.966800,0.995049,0.932408,0.982157,0.982157,16827
2020-04-17,0.978414,0.998438,0.958842,0.982651,0.982651,7659
2020-04-18,0.982772,1.006086,0.975817,0.986647,0.986647,13879
2020-04-19,0.986585,1.004466,0.973493,0.988148,0.988148,14428
2020-04-20,0.995833,1.031583,0.953233,0.986029,0.986029,21254
2020-04-21,0.986955,1.023868,0.920265,0.970614,0.970614,99954
2020-04-22,0.970612,0.989610,0.955259,0.979791,0.979791,10905
2020-04-23,0.979822,0.989492,0.933698,0.972949,0.972949,26103
2020-04-24,0.972606,1.011159,0.948938,0.986779,0.986779,49879
2020-04-25,0.986787,1.039167,0.977170,0.986486,0.986486,54784
2020-04-26,0.979014,1.083325,0.966999,1.018354,1.018354,166115
2020-04-27,1.018423,1.229040,0.995906,1.064028,1.064028,651431
2020-04-28,1.064033,1.126743,1.000882,1.042605,1.042605,99330
2020-04-29,1.019062,1.112118,1.018860,1.048743,1.048743,556637
2020-04-30,1.048725,1.120615,1.022320,1.054470,1.054470,146830
2020-05-01,1.054470,1.101685,1.030688,1.043812,1.043812,66136
2020-05-02,1.042943,1.105677,1.014726,1.031256,1.031256,81158
2020-05-03,1.031256,1.066190,1.009936,1.057764,1.057764,46241
2020-05-04,1.057782,1.061703,0.983986,1.018372,1.018372,36453
2020-05-05,1.018372,1.043257,0.977129,0.991198,0.991198,13978
2020-05-06,0.993927,1.017987,0.978821,0.978955,0.978955,16383
2020-05-07,0.978955,1.002013,0.963350,1.001186,1.001186,10406
2020-05-08,1.001151,1.023428,0.959525,0.999735,0.999735,34514
2020-05-09,0.999744,1.057359,0.995895,1.008192,1.008192,241015
2020-05-10,1.032594,1.032691,0.917866,0.953157,0.953157,70285
2020-05-11,0.953169,1.042464,0.915597,0.941430,0.941430,109472
2020-05-12,0.941446,1.035189,0.930707,0.956879,0.956879,110080
2020-05-13,0.956879,0.983811,0.955764,0.974914,0.974914,7972
2020-05-14,0.973967,0.986922,0.945574,0.972175,0.972175,15072
2020-05-15,0.972105,1.018492,0.931819,0.948708,0.948708,117139
2020-05-16,0.948704,0.972761,0.940225,0.947435,0.947435,17746
2020-05-17,0.947437,1.016695,0.947293,0.960836,0.960836,64458
2020-05-18,0.960836,1.022614,0.943279,0.995527,0.995527,41022
2020-05-19,0.995520,1.186239,0.989240,1.060496,1.060496,482152
2020-05-20,1.060503,1.497013,1.047723,1.091300,1.091300,3279833
2020-05-21,1.091309,1.107258,0.924511,0.960430,0.960430,255362
2020-05-22,0.960429,0.991618,0.928743,0.967575,0.967575,97864
2020-05-23,0.967575,1.083969,0.947475,0.991150,0.991150,363377
2020-05-24,0.991150,1.058151,0.947071,0.959194,0.959194,162993
2020-05-25,0.959167,0.988201,0.945515,0.984238,0.984238,63924
2020-05-26,0.984230,1.036308,0.984230,1.003341,1.003341,135433
2020-05-27,1.003341,1.043932,0.965610,0.993069,0.993069,223913
2020-05-28,0.993069,1.010982,0.963383,0.993528,0.993528,66280
2020-05-29,0.993536,1.002318,0.975901,1.002292,1.002292,47665
2020-05-30,1.002258,1.018985,0.986498,1.010648,1.010648,40771
2020-05-31,1.010648,1.023190,0.991081,1.011025,1.011025,54326
2020-06-01,1.011023,1.043960,0.997737,1.011637,1.011637,111525
2020-06-02,1.011638,1.088808,1.000936,1.054268,1.054268,139936
2020-06-03,1.054272,1.088449,1.020690,1.065270,1.065270,80916
2020-06-04,1.065270,1.089250,1.034337,1.089242,1.089242,49973
2020-06-05,1.089242,1.122964,1.057328,1.067839,1.067839,100254
2020-06-06,1.067839,1.089630,1.054337,1.069599,1.069599,19983
2020-06-07,1.069604,1.201846,1.059307,1.164451,1.164451,419809
2020-06-08,1.164451,1.164581,1.103775,1.111960,1.111960,50044
2020-06-09,1.111960,1.289077,1.110547,1.164130,1.164130,345071
2020-06-10,1.164110,1.168537,1.132447,1.164477,1.164477,55944
2020-06-11,1.164477,1.164477,0.995052,1.023894,1.023894,116386
2020-06-12,1.023898,1.111875,1.018611,1.054596,1.054596,138613
2020-06-13,1.054619,1.102556,1.037357,1.079244,1.079244,101625
2020-06-14,1.079348,1.129505,1.034492,1.050481,1.050481,141031
2020-06-15,1.050482,1.094773,0.949752,1.022536,1.022536,244854
2020-06-16,1.021912,1.036312,1.001670,1.015181,1.015181,33432
2020-06-17,1.015176,1.065481,0.999433,1.040811,1.040811,125255
2020-06-18,1.040803,1.078489,1.035612,1.046622,1.046622,46783
2020-06-19,1.046654,1.072909,1.014375,1.054668,1.054668,107640
2020-06-20,1.054668,1.067746,1.031215,1.047171,1.047171,47877
2020-06-21,1.047160,1.057347,1.022864,1.032637,1.032637,22186
2020-06-22,1.032656,1.066402,1.027974,1.050376,1.050376,48887
2020-06-23,1.050390,1.072154,1.029940,1.046937,1.046937,41160
2020-06-24,1.046941,1.062842,0.994714,1.003019,1.003019,101291
2020-06-25,1.002997,1.011759,0.985628,0.997659,0.997659,56395
2020-06-26,0.997657,1.014035,0.960175,0.985040,0.985040,57227
2020-06-27,0.985034,1.023032,0.972437,0.991210,0.991210,35014
2020-06-28,0.991210,1.001294,0.948756,0.984201,0.984201,24166
2020-06-29,0.984201,0.990975,0.950362,0.986966,0.986966,21380
2020-06-30,0.987012,1.005598,0.947701,0.958924,0.958924,83657
2020-07-01,0.958924,1.010885,0.950749,0.986541,0.986541,46853
2020-07-02,0.986554,1.018802,0.979873,0.980663,0.980663,42412
2020-07-03,0.980687,1.019724,0.962628,0.980767,0.980767,74625
2020-07-04,0.980768,1.020586,0.976653,1.002837,1.002837,62662
2020-07-05,1.002579,1.034631,0.971322,0.987411,0.987411,39867
2020-07-06,0.987411,1.007737,0.975972,1.000673,1.000673,19326
2020-07-07,1.000661,1.028813,0.995088,1.005772,1.005772,18827
2020-07-08,1.006687,1.041207,1.002834,1.040933,1.040933,36858
2020-07-09,1.040905,1.102559,1.006791,1.032106,1.032106,130596
2020-07-10,1.031878,1.055279,1.001690,1.015547,1.015547,31355
2020-07-11,1.015532,1.023685,1.008325,1.010967,1.010967,15914
2020-07-12,1.010966,1.020774,0.995537,1.008110,1.008110,37356
2020-07-13,1.008110,1.112255,1.008110,1.038321,1.038321,642904
2020-07-14,1.034160,1.074509,0.989694,1.016623,1.016623,187282
2020-07-15,1.016622,1.062183,0.998468,1.015312,1.015312,137497
2020-07-16,1.015311,1.019563,0.958830,0.991487,0.991487,64348
2020-07-17,0.991487,0.993035,0.977741,0.983500,0.983500,9731
2020-07-18,0.983499,1.025544,0.980608,1.004183,1.004183,64304
2020-07-19,1.004182,1.009518,0.988337,1.009509,1.009509,40346
2020-07-20,1.009515,1.022341,0.991317,1.018814,1.018814,56873
2020-07-21,1.018814,1.072052,1.014667,1.038661,1.038661,304364
2020-07-22,1.038661,1.063739,1.017419,1.060307,1.060307,145008
2020-07-23,1.060342,1.060342,1.018979,1.027760,1.027760,36828
2020-07-24,1.027761,1.054606,1.002499,1.019878,1.019878,92187
2020-07-25,1.019890,1.051773,1.009873,1.031220,1.031220,35498
2020-07-26,1.031226,1.039521,0.982203,1.019301,1.019301,62497
2020-07-27,1.019301,1.054646,0.982269,1.018657,1.018657,208121
2020-07-28,1.018647,1.032129,0.994680,1.013856,1.013856,72759
2020-07-29,1.013874,1.067913,1.002810,1.049444,1.049444,181046
2020-07-30,1.049398,1.081494,1.029667,1.042124,1.042124,160904
2020-07-31,1.042193,1.083322,1.025893,1.075075,1.075075,91182
2020-08-01,1.075075,1.083601,1.038030,1.071198,1.071198,137278
2020-08-02,1.071192,1.084972,0.991979,1.000470,1.000470,205691
2020-08-03,1.000474,1.042622,0.999783,1.026539,1.026539,66592
2020-08-04,1.026533,1.039037,1.010804,1.034942,1.034942,43712
2020-08-05,1.034943,1.041099,1.010821,1.032560,1.032560,31006
2020-08-06,1.032570,1.045331,1.024028,1.037420,1.037420,31778
2020-08-07,1.037444,1.049509,1.026620,1.045395,1.045395,56292
2020-08-08,1.045414,1.050719,1.030466,1.041336,1.041336,43557
2020-08-09,1.041351,1.058919,1.030100,1.042776,1.042776,120284
2020-08-10,1.042782,1.070150,1.024072,1.070150,1.070150,128892
2020-08-11,1.070157,1.085772,1.034002,1.044896,1.044896,174884
2020-08-12,1.044919,1.063987,1.020209,1.051203,1.051203,85972
2020-08-13,1.051204,1.071669,1.033590,1.050059,1.050059,96445
2020-08-14,1.050051,1.065920,1.037803,1.061229,1.061229,95005
2020-08-15,1.061222,1.069711,1.044545,1.057236,1.057236,79346
2020-08-16,1.057234,1.061502,1.036394,1.061502,1.061502,107633
2020-08-17,1.061502,1.192557,1.057287,1.102046,1.102046,1602364
2020-08-18,1.102045,1.110402,1.047007,1.055819,1.055819,257521
2020-08-19,1.055819,1.070005,1.030616,1.056646,1.056646,130780
2020-08-20,1.056628,1.142619,1.041032,1.134605,1.134605,354971
2020-08-21,1.134604,1.180403,1.073210,1.102075,1.102075,291385
2020-08-22,1.102075,1.106804,1.027529,1.085841,1.085841,188911
2020-08-23,1.085840,1.085840,1.044188,1.077052,1.077052,81742
2020-08-24,1.077052,1.141498,1.070770,1.105691,1.105691,308442
2020-08-25,1.105688,1.124721,1.046151,1.060371,1.060371,157736
2020-08-26,1.060350,1.063994,1.034848,1.048082,1.048082,85029
2020-08-27,1.048019,1.063296,1.014023,1.018431,1.018431,113425
2020-08-28,1.014266,1.042323,1.008761,1.023297,1.023297,48668
2020-08-29,1.023307,1.041615,1.019798,1.041274,1.041274,39528
2020-08-30,1.041266,1.045522,1.028609,1.041670,1.041670,43166
2020-08-31,1.041670,1.042406,1.018329,1.021910,1.021910,63881
2020-09-01,1.021818,1.044360,1.015342,1.029047,1.029047,63681
2020-09-02,1.029032,1.033623,0.976968,0.999811,0.999811,108717
2020-09-03,0.999811,1.006154,0.938687,0.943045,0.943045,87030
2020-09-04,0.943054,0.969943,0.931604,0.950266,0.950266,49854
2020-09-05,0.950146,0.978065,0.913748,0.946859,0.946859,117277
2020-09-06,0.946859,0.952826,0.921320,0.952663,0.952663,27509
2020-09-07,0.952669,0.957614,0.917120,0.947270,0.947270,31893
2020-09-08,0.939062,0.962778,0.930773,0.960839,0.960839,23706
2020-09-09,0.960821,0.973545,0.934231,0.957815,0.957815,23775
2020-09-10,0.957840,0.991426,0.957840,0.975676,0.975676,58892
2020-09-11,0.975661,0.982489,0.959493,0.964161,0.964161,30995
2020-09-12,0.964161,0.975673,0.951333,0.968062,0.968062,37051
2020-09-13,0.968062,0.976504,0.946946,0.964406,0.964406,32910
2020-09-14,0.964408,0.976245,0.950560,0.956696,0.956696,17047
2020-09-15,0.956709,0.979313,0.952911,0.956972,0.956972,28443
2020-09-16,0.956947,0.967354,0.947224,0.963113,0.963113,29676
2020-09-17,0.963107,0.982213,0.953697,0.973818,0.973818,7545
2020-09-18,0.973818,0.988052,0.950847,0.972685,0.972685,42930
2020-09-19,0.972709,0.982899,0.968976,0.969566,0.969566,2530
2020-09-20,0.969570,0.983256,0.963282,0.973564,0.973564,7559
2020-09-21,0.973565,0.986504,0.947960,0.964771,0.964771,19700
2020-09-22,0.964718,0.974395,0.945963,0.962813,0.962813,17671
2020-09-23,0.962779,0.970822,0.939446,0.941164,0.941164,10095
2020-09-24,0.941164,0.963856,0.938730,0.963789,0.963789,16974
2020-09-25,0.956881,0.963455,0.939096,0.951310,0.951310,13166
2020-09-26,0.951297,0.963245,0.946591,0.957282,0.957282,14915
2020-09-27,0.953973,0.959279,0.938210,0.952278,0.952278,16016
2020-09-28,0.952277,0.970385,0.948896,0.960141,0.960141,10472
2020-09-29,0.960186,0.968502,0.955019,0.964523,0.964523,10508
2020-09-30,0.964519,0.991089,0.959818,0.985956,0.985956,24350
2020-10-01,0.985936,0.991902,0.956930,0.966891,0.966891,27364
2020-10-02,0.966821,0.979474,0.955087,0.972391,0.972391,30505
2020-10-03,0.976404,0.981527,0.959545,0.963554,0.963554,12935
2020-10-04,0.963579,0.976709,0.951868,0.972418,0.972418,18144
2020-10-05,0.972420,0.989605,0.951159,0.955374,0.955374,32156
2020-10-06,0.955301,0.982206,0.954773,0.976082,0.976082,14901
2020-10-07,0.976158,0.976194,0.953538,0.967365,0.967365,14034
2020-10-08,0.967366,0.994319,0.964474,0.989924,0.989924,39183
2020-10-09,0.989920,1.035247,0.973801,1.031094,1.031094,154623
2020-10-10,1.031094,1.086365,0.992510,1.028945,1.028945,184882
2020-10-11,1.020429,1.048011,0.996006,1.009274,1.009274,113298
2020-10-12,1.009274,1.063249,0.976738,1.003001,1.003001,181950
2020-10-13,1.003003,1.028904,0.978868,1.000884,1.000884,171121
2020-10-14,1.000946,1.007255,0.981335,0.991597,0.991597,31860
2020-10-15,0.991596,1.036662,0.986003,1.008142,1.008142,202501
2020-10-16,1.012464,1.047761,0.986137,1.011007,1.011007,278352
2020-10-17,1.011017,1.011018,0.994145,0.997332,0.997332,4544
2020-10-18,0.997332,1.004227,0.992462,1.002379,1.002379,11024
2020-10-19,0.998012,1.028512,0.988163,0.999421,0.999421,116756
2020-10-20,0.999553,1.003358,0.989250,0.990914,0.990914,12369
2020-10-21,0.990914,1.006380,0.988433,1.001029,1.001029,14749
2020-10-22,0.996846,1.001788,0.985078,0.998966,0.998966,25099
2020-10-23,0.994792,1.015390,0.260297,1.005467,1.005467,29089
2020-10-24,1.005469,1.010017,0.996513,0.996577,0.996577,24445
2020-10-25,0.996573,1.005379,0.990852,0.991794,0.991794,11490
2020-10-26,0.991812,1.001567,0.977903,0.978770,0.978770,30865
2020-10-27,0.978777,0.998782,0.978126,0.982744,0.982744,37807
2020-10-28,0.982791,1.081418,0.971360,0.977681,0.977681,502134
2020-10-29,0.977725,0.988233,0.962153,0.977292,0.977292,35680
2020-10-30,0.977340,1.012498,0.960471,0.975173,0.975173,73050
2020-10-31,0.975139,1.009511,0.958703,0.967392,0.967392,210562
2020-11-01,0.967394,0.977158,0.950572,0.977158,0.977158,26524
2020-11-02,0.977447,0.978329,0.940331,0.958993,0.958993,38338
2020-11-03,0.958885,0.968613,0.941062,0.952163,0.952163,9999
2020-11-04,0.952334,0.970809,0.852219,0.892241,0.892241,17424
2020-11-05,0.892229,0.994044,0.879159,0.984133,0.984133,19373
2020-11-06,0.984131,1.007247,0.979628,0.998129,0.998129,54005
2020-11-07,0.998164,1.006757,0.954270,0.963730,0.963730,66292
2020-11-08,0.963708,1.003108,0.955118,0.984029,0.984029,19928
2020-11-09,0.984022,1.000200,0.967010,0.977704,0.977704,27532
2020-11-10,0.977661,0.995666,0.976555,0.984616,0.984616,14092
2020-11-11,0.984616,0.994252,0.977863,0.988554,0.988554,25241
2020-11-12,0.988584,1.005294,0.973457,0.977320,0.977320,131378
2020-11-13,0.977497,0.996927,0.976405,0.993278,0.993278,34207
2020-11-14,0.993296,0.997539,0.978894,0.987454,0.987454,19788
2020-11-15,0.987451,0.988262,0.973950,0.988219,0.988219,15808
2020-11-16,0.988209,0.992285,0.972859,0.978752,0.978752,21690
2020-11-17,0.981460,0.988607,0.975123,0.985689,0.985689,62882
2020-11-18,0.985636,1.945031,0.985636,1.617036,1.617036,39012571
2020-11-19,1.617046,1.617046,1.163116,1.224666,1.224666,4124316
2020-11-20,1.224666,1.506166,1.224666,1.304535,1.304535,6281647
2020-11-21,1.304535,1.304535,1.197116,1.264204,1.264204,1867981
2020-11-22,1.264204,1.327186,1.112050,1.228529,1.228529,1466734
2020-11-23,1.228529,1.228529,1.137451,1.211697,1.211697,1172236
2020-11-24,1.211698,1.242367,1.132123,1.237871,1.237871,1199230
2020-11-25,1.233396,1.508413,1.215495,1.296216,1.296216,5918334
2020-11-26,1.301224,1.301224,1.093666,1.129470,1.129470,814645
2020-11-27,1.120484,1.249312,1.081474,1.158322,1.158322,955122
2020-11-28,1.149280,1.207995,1.108516,1.185399,1.185399,311958
2020-11-29,1.189919,1.198679,1.140195,1.198679,1.198679,209656
2020-11-30,1.189691,1.220722,1.133124,1.220708,1.220708,286096
2020-12-01,1.225187,5.164790,1.167950,2.372488,2.372488,67361009
2020-12-02,2.367976,5.761773,1.828326,3.289701,3.289701,181226892
2020-12-03,3.285168,4.223789,2.885971,3.624736,3.624736,61638936
2020-12-04,3.588151,3.909188,3.182865,3.371499,3.371499,13201810
2020-12-05,3.357674,3.556019,2.952690,3.449960,3.449960,18115991
2020-12-06,3.468395,3.468395,3.196678,3.298180,3.298180,6433910
2020-12-07,3.330438,3.330438,2.855109,2.969452,2.969452,4461584
2020-12-08,2.987895,3.337859,2.580468,2.744148,2.744148,10194003
2020-12-09,2.716540,2.926442,2.267290,2.652930,2.652930,3880155
2020-12-10,2.662150,2.662150,2.416744,2.570092,2.570092,1320503
2020-12-11,2.583867,2.583867,2.221962,2.266630,2.266630,1302294
2020-12-12,2.275776,2.738322,2.234685,2.674339,2.674339,6801515
2020-12-13,2.665186,2.793485,2.537033,2.710893,2.710893,3997939
2020-12-14,2.688026,2.705869,2.476964,2.584434,2.584434,1635095
2020-12-15,2.579863,2.580541,2.490897,2.538173,2.538173,778410
2020-12-16,2.524460,2.559368,2.211338,2.531990,2.531990,1757123
2020-12-17,2.536553,2.536553,2.308267,2.405774,2.405774,1679003
2020-12-18,2.419456,4.850540,2.360718,3.237904,3.237904,84171057
2020-12-19,3.278815,3.542494,2.960607,3.160128,3.160128,22750940
2020-12-20,3.164672,3.173759,2.819644,2.869782,2.869782,3707822
2020-12-21,2.869776,3.015702,2.526697,2.760862,2.760862,4248910
2020-12-22,2.760881,2.926709,2.557290,2.765805,2.765805,2539667
2020-12-23,2.752281,2.906769,2.249672,2.383076,2.383076,2029989
2020-12-24,2.342496,2.814751,2.342496,2.724893,2.724893,10682848
2020-12-25,2.752126,2.842676,2.544853,2.681056,2.681056,3044699
2020-12-26,2.676516,2.817746,2.626526,2.735926,2.735926,3533319
2020-12-27,2.754092,3.280913,2.545371,2.743977,2.743977,7616790
2020-12-28,2.753045,2.812945,2.639626,2.722777,2.722777,1690509
2020-12-29,2.722780,2.752387,2.541260,2.676425,2.676425,1246790
2020-12-30,2.690111,2.700541,2.571116,2.635773,2.635773,775241
2020-12-31,2.635899,2.756161,2.584488,2.717124,2.717124,2487528
2021-01-01,2.717124,3.006961,2.638910,2.781477,2.781477,5427576
2021-01-02,2.776874,3.835842,2.735446,3.034744,3.034744,49521685
2021-01-03,3.030144,3.099135,2.721405,2.864890,2.864890,9646319
2021-01-04,2.837315,2.905800,2.540824,2.705359,2.705359,3398754
2021-01-05,2.691567,2.859804,2.595743,2.762205,2.762205,2355141
2021-01-06,2.803483,2.958904,2.700938,2.936000,2.936000,2888567
2021-01-07,2.931410,3.381717,2.801749,3.098372,3.098372,9690997
2021-01-08,3.103083,3.318452,2.831204,3.229260,3.229260,6331800
2021-01-09,3.233832,3.284110,2.996160,3.224586,3.224586,3944574
2021-01-10,3.229154,4.633757,3.179290,3.595487,3.595487,66240796
2021-01-11,3.622923,3.622923,2.619106,2.938463,2.938463,7142539
2021-01-12,2.956673,3.130920,2.727049,3.010326,3.010326,5028622
2021-01-13,3.032361,3.141761,2.831678,3.128058,3.128058,2107794
2021-01-14,3.128057,3.801363,2.948553,3.321344,3.321344,20016439
2021-01-15,3.316810,3.332094,2.971845,3.146812,3.146812,3118748
2021-01-16,3.155866,3.554226,3.101423,3.350481,3.350481,9790712
2021-01-17,3.368580,3.368580,3.069910,3.282682,3.282682,3696242
2021-01-18,3.264628,3.355515,3.121039,3.346531,3.346531,2916867
2021-01-19,3.346528,3.419391,3.248143,3.397976,3.397976,1878931
2021-01-20,3.392468,3.643238,3.180085,3.407957,3.407957,5596290
2021-01-21,3.417063,3.417063,2.972501,3.040554,3.040554,2295640
2021-01-22,2.977045,3.213690,2.612528,3.075045,3.075045,3623950
2021-01-23,3.075060,3.228575,2.912324,3.093137,3.093137,2105555
2021-01-24,3.129266,3.169701,3.002717,3.132604,3.132604,1364395
2021-01-25,3.132593,3.246281,3.057509,3.109299,3.109299,1039832
2021-01-26,3.118349,3.199806,2.915895,3.062142,3.062142,925669
2021-01-27,3.066669,3.190615,2.795807,2.904713,2.904713,3147503
2021-01-28,2.931796,3.134035,2.832123,3.013654,3.013654,1744781
2021-01-29,3.038522,3.178624,2.925433,3.066753,3.066753,2399734
2021-01-30,3.057850,3.071212,2.844096,2.968725,2.968725,1278986
2021-01-31,2.973152,2.973158,2.842675,2.913758,2.913758,926262
2021-02-01,2.887217,2.935556,2.713561,2.868227,2.868227,1585803
2021-02-02,2.881623,2.982996,2.819615,2.942427,2.942427,942717
2021-02-03,2.933402,3.189993,2.932183,3.088647,3.088647,5660018
2021-02-04,3.088649,3.192843,2.816438,3.070184,3.070184,2106912
2021-02-05,3.070180,3.508867,2.980607,3.496295,3.496295,7700610
2021-02-06,3.518635,3.527596,3.196638,3.323580,3.323580,2589154
2021-02-07,3.323585,3.555924,3.149149,3.314068,3.314068,6301305
2021-02-08,3.305130,3.364093,3.140850,3.338520,3.338520,2702632
2021-02-09,3.342992,3.960505,3.252037,3.942589,3.942589,5365907
2021-02-10,3.915705,4.382624,3.590648,4.042702,4.042702,16147445
2021-02-11,4.029645,4.369167,3.871215,4.260967,4.260967,10995078
2021-02-12,4.260988,4.478703,3.968185,4.310004,4.310004,9705410
2021-02-13,4.305485,4.504230,4.025330,4.503650,4.503650,9563364
2021-02-14,4.512671,4.512671,4.071068,4.264366,4.264366,4540394
2021-02-15,4.264349,5.569183,4.264349,4.952796,4.952796,61081720
2021-02-16,4.993564,5.297151,4.627525,4.837222,4.837222,13276962
2021-02-17,4.841715,4.886857,4.354896,4.653008,4.653008,6885568
2021-02-18,4.653395,5.262786,4.474488,4.983912,4.983912,11258260
2021-02-19,4.983918,5.320024,4.627602,5.270607,5.270607,8210446
2021-02-20,5.252569,5.342604,4.854752,4.913503,4.913503,5822744
2021-02-21,4.922527,7.580041,4.881896,5.430793,5.430793,75658032
2021-02-22,5.376594,5.602370,4.168222,4.704167,4.704167,9850039
2021-02-23,4.690705,4.807410,2.869707,3.585581,3.585581,6000987
2021-02-24,3.585650,5.042455,3.449985,3.955406,3.955406,24862623
2021-02-25,4.050151,8.623615,3.807698,4.550676,4.550676,153047267
2021-02-26,4.631000,11.602105,4.155589,9.022767,9.022767,831802560
2021-02-27,9.004999,9.004999,6.231761,6.413573,6.413573,93114585
2021-02-28,6.480170,6.480170,5.209403,5.919813,5.919813,24689112
2021-03-01,5.973003,6.578864,5.591504,6.397188,6.397188,29765104
2021-03-02,6.396675,6.896429,5.981981,6.610988,6.610988,39916217
2021-03-03,6.682236,6.841227,6.376222,6.608297,6.608297,21784158
2021-03-04,6.629122,7.260744,6.180647,6.356566,6.356566,21001143
2021-03-05,6.370955,6.394702,5.941113,6.394702,6.394702,7321401
2021-03-06,6.399131,6.514429,5.956145,6.411810,6.411810,8315444
2021-03-07,6.416233,6.672618,6.225462,6.519811,6.519811,10947714
2021-03-08,6.515384,6.555167,6.190964,6.383574,6.383574,4993087
2021-03-09,6.379210,6.602018,6.216131,6.571331,6.571331,12653936
2021-03-10,6.580120,6.944613,6.134463,6.921182,6.921182,12846183
2021-03-11,6.942865,7.418404,6.448055,7.010586,7.010586,19529610
2021-03-12,7.020765,9.101389,7.013339,7.456895,7.456895,131021576
2021-03-13,7.483280,7.483280,6.598821,7.254383,7.254383,19608357
2021-03-14,7.276359,7.276359,6.730775,6.986926,6.986926,8394811
2021-03-15,6.973726,7.619823,6.290840,6.953691,6.953691,18381534
2021-03-16,6.931674,7.257978,6.397201,6.971878,6.971878,6889312
2021-03-17,6.985107,6.985107,6.251500,6.925397,6.925397,7424852
2021-03-18,6.928994,6.982302,6.602149,6.896554,6.896554,4740752
2021-03-19,6.896856,7.543736,6.717326,7.330240,7.330240,13065941
2021-03-20,7.330243,8.135996,6.676341,6.852503,6.852503,21073979
2021-03-21,6.905579,7.882814,6.653617,7.595242,7.595242,21272080
2021-03-22,7.604090,8.932994,6.608863,7.387844,7.387844,57895431
2021-03-23,7.387464,8.434081,6.579180,7.587498,7.587498,25037129
2021-03-24,7.601431,7.863440,6.911809,7.101600,7.101600,11018094
2021-03-25,7.132348,7.304814,6.390950,6.804162,6.804162,6730500
2021-03-26,6.799761,7.322334,6.744722,7.152242,7.152242,12672231
2021-03-27,7.152243,7.301588,6.986857,7.279460,7.279460,5214909
2021-03-28,7.252921,8.732675,7.208679,7.533140,7.533140,51774058
2021-03-29,7.528717,8.108082,7.310993,8.094886,8.094886,12558503
2021-03-30,8.086053,8.832219,7.929399,8.553404,8.553404,35376193
2021-03-31,8.549267,10.187742,8.507214,9.004762,9.004762,58638721
2021-04-01,8.987062,9.254980,8.474426,8.767368,8.767368,14657918
2021-04-02,8.767426,16.527517,8.175777,12.328823,12.328823,202775022
2021-04-03,12.532236,13.115976,10.142692,10.452127,10.452127,53402606
2021-04-04,10.434436,11.814328,10.160151,10.992109,10.992109,22110321
2021-04-05,10.956740,10.968389,9.541933,9.907514,9.907514,14744842
2021-04-06,9.889796,10.022942,8.783266,9.470775,9.470775,10959911
2021-04-07,9.432939,11.447415,6.405745,6.932469,6.932469,114183
2021-04-08,6.916500,8.205366,6.913918,8.114945,8.114945,52613
2021-04-09,8.116469,12.273691,7.918711,10.615091,10.615091,175649
2021-04-10,10.615886,10.637847,8.910803,9.804533,9.804533,66012
2021-04-11,9.804950,9.840597,8.345242,8.714459,8.714459,40026
2021-04-12,8.713937,10.502940,8.469764,9.083347,9.083347,55576
2021-04-13,9.077395,9.262850,8.583816,9.168837,9.168837,34223
2021-04-14,9.154792,9.822923,8.298912,9.142488,9.142488,63111
2021-04-15,9.147659,9.545426,8.726793,9.315352,9.315352,35634
2021-04-16,9.319545,9.791947,8.681257,9.763377,9.763377,45932
2021-04-17,9.751465,9.790362,8.871642,9.212914,9.212914,42763
2021-04-18,9.206998,9.644592,7.330418,8.014655,8.014655,42830
2021-04-19,8.015467,8.438047,7.520217,7.866483,7.866483,30757
2021-04-20,7.860287,8.297396,7.119634,7.864771,7.864771,24280
2021-04-21,7.872507,8.393388,7.650101,8.071451,8.071451,37478
2021-04-22,8.072437,8.105126,6.602360,6.630920,6.630920,17644
2021-04-23,6.626108,7.001957,4.923324,5.886017,5.886017,70984
2021-04-24,5.885905,6.469747,5.682031,5.856630,5.856630,18597
2021-04-25,5.951037,7.160272,5.779085,6.073415,6.073415,26979
2021-04-26,6.074071,8.381024,6.055290,7.306494,7.306494,74642
2021-04-27,7.308591,8.815849,7.275390,8.358519,8.358519,65598
2021-04-28,8.366372,8.392352,7.239491,7.444802,7.444802,12239
2021-04-29,7.568092,8.031180,7.011273,7.374549,7.374549,27500
2021-04-30,7.370547,8.159794,7.334630,7.831139,7.831139,9732
2021-05-01,7.828032,7.991394,7.217039,7.449621,7.449621,25826
2021-05-02,7.450049,7.687246,7.139799,7.199514,7.199514,12948
2021-05-03,7.200773,8.107871,7.196974,7.563614,7.563614,28387
2021-05-04,7.568621,7.570459,6.671730,6.853379,6.853379,10747
2021-05-05,6.860252,7.275051,6.149840,6.450383,6.450383,34627
2021-05-06,6.448179,7.875191,6.333151,7.857345,7.857345,60898
2021-05-07,7.982766,8.345965,7.241650,7.627224,7.627224,32802
2021-05-08,7.628261,8.935992,7.627773,7.906370,7.906370,43913
2021-05-09,7.911375,7.943271,6.985472,7.360459,7.360459,30337
2021-05-10,7.362202,7.471343,6.433711,6.602330,6.602330,20479
2021-05-11,6.606462,7.110086,6.318188,6.754975,6.754975,18307
2021-05-12,6.753841,7.608905,6.112305,6.112305,6.112305,22771
2021-05-13,6.018402,6.237576,5.246577,5.914302,5.914302,13027
2021-05-14,5.912742,6.357475,5.660392,5.804647,5.804647,9615
2021-05-15,5.805441,6.194426,5.488381,5.565925,5.565925,7098
2021-05-16,5.562249,6.222486,5.292939,5.595831,5.595831,18933
2021-05-17,5.593056,5.613223,4.688373,4.997394,4.997394,17163
2021-05-18,5.016648,6.914801,4.964811,5.798181,5.798181,92605
2021-05-19,5.786761,11.924305,5.745630,9.443896,9.443896,604949
2021-05-20,9.404893,15.446500,9.341654,10.636433,10.636433,729372
2021-05-21,10.675443,11.492106,6.311245,6.851121,6.851121,164820
2021-05-22,6.852749,6.916221,5.313542,5.551059,5.551059,73943
2021-05-23,5.554296,6.113611,4.029193,4.750820,4.750820,38876
2021-05-24,4.743465,5.976462,4.442166,5.655114,5.655114,40276
2021-05-25,5.662812,7.576500,5.071371,6.653382,6.653382,122093
2021-05-26,6.667542,12.931547,6.667542,9.637130,9.637130,193901
2021-05-27,9.630740,11.577524,7.872133,8.643690,8.643690,168960
2021-05-28,8.644516,9.014119,7.313653,7.985843,7.985843,19047
2021-05-29,7.993166,8.067510,6.304632,7.594733,7.594733,12977
2021-05-30,7.601891,8.010341,6.839057,7.967048,7.967048,9647
2021-05-31,7.971050,8.803540,7.181705,8.767532,8.767532,6357
2021-06-01,8.771727,8.921482,7.518151,8.359988,8.359988,9952
2021-06-02,8.364163,8.492687,7.892549,8.366392,8.366392,11916
2021-06-03,8.359048,8.995596,8.039018,8.459934,8.459934,13144
2021-06-04,8.468140,8.475441,7.319426,7.823345,7.823345,10255
2021-06-05,7.819741,7.980838,7.209861,7.763306,7.763306,12033
2021-06-06,7.764204,8.137377,7.319717,7.975413,7.975413,5981
2021-06-07,7.977227,8.768557,7.563899,7.790638,7.790638,9031
2021-06-08,7.842716,7.948790,6.761646,7.668246,7.668246,7230
2021-06-09,7.666831,7.676417,6.896443,7.462177,7.462177,8121
2021-06-10,7.472895,7.526586,6.924988,7.130555,7.130555,4194
2021-06-11,7.132041,7.322423,6.361038,6.424201,6.424201,15920
2021-06-12,6.434957,6.447054,5.268961,5.680414,5.680414,11240
2021-06-13,5.687335,7.067348,5.674352,6.693531,6.693531,38185
2021-06-14,6.810820,7.373618,6.331320,7.184692,7.184692,22911
2021-06-15,6.658136,6.803760,6.419031,6.690333,6.690333,6050
2021-06-16,6.428060,6.512667,6.150906,6.236804,6.236804,2711
2021-06-17,6.238300,6.433980,5.834973,5.950757,5.950757,5138
2021-06-18,5.950807,6.148906,5.360300,5.655034,5.655034,7076
2021-06-19,5.655816,6.348361,5.655816,6.093974,6.093974,6743
2021-06-20,6.098149,6.110263,5.352204,5.790913,5.790913,4570
2021-06-21,5.786360,5.790145,4.024208,4.200820,4.200820,24762
2021-06-22,4.207881,4.818534,3.312344,3.819563,3.819563,51043
2021-06-23,3.823629,4.212043,3.725324,3.849962,3.849962,6927
2021-06-24,4.036684,4.655313,3.989755,4.655313,4.655313,13157
2021-06-25,4.652739,4.950077,4.102722,4.212704,4.212704,11258
2021-06-26,4.210989,4.558123,4.060176,4.558123,4.558123,3312
2021-06-27,4.570451,4.729274,4.081823,4.097968,4.097968,735
2021-06-28,4.104178,4.995748,4.057581,4.995748,4.995748,10155
2021-06-29,4.992851,5.486285,4.986588,5.349399,5.349399,12965
2021-06-30,5.340712,7.331740,5.340712,6.898036,6.898036,41047
2021-07-01,6.775496,6.775496,5.578161,5.888770,5.888770,14415
2021-07-02,5.895155,5.959571,5.370636,5.803822,5.803822,13292
2021-07-03,5.803514,6.146129,5.610571,5.617230,5.617230,8582
2021-07-04,5.616998,6.073620,5.572917,6.040467,6.040467,4074
2021-07-05,6.041974,6.067743,5.667471,5.731789,5.731789,1899
2021-07-06,5.718935,6.307959,5.711691,6.307959,6.307959,21507774
2021-07-07,6.327175,6.782853,6.304515,6.447182,6.447182,42110200
2021-07-08,6.438935,6.456225,5.659419,5.879985,5.879985,8294690
2021-07-09,5.931324,5.997753,5.535848,5.945473,5.945473,3649151
2021-07-10,5.945456,6.225168,5.871634,6.094280,6.094280,15277076
2021-07-11,6.103008,6.408671,6.068115,6.313149,6.313149,30677608
2021-07-12,6.321879,6.780668,6.225045,6.527119,6.527119,29327714
2021-07-13,6.527119,8.199319,6.527119,6.913943,6.913943,241145254
2021-07-14,6.874622,6.874622,5.839934,6.278211,6.278211,24206513
2021-07-15,6.317509,7.127325,6.278702,6.488923,6.488923,68590309
2021-07-16,6.450118,6.450118,5.875638,6.008567,6.008567,7252380
2021-07-17,5.999819,6.306006,5.824886,6.047948,6.047948,5930824
2021-07-18,6.061073,6.249240,5.934085,6.139798,6.139798,4609948
2021-07-19,6.148549,6.327899,5.740628,5.846593,5.846593,7061924
2021-07-20,5.885737,6.255476,5.202833,5.589851,5.589851,34600875
2021-07-21,5.589851,6.111873,5.589851,5.966854,5.966854,39094563
2021-07-22,5.984518,6.159732,5.740000,6.030390,6.030390,11909219
2021-07-23,6.056663,6.134287,5.848282,6.097437,6.097437,10115132
2021-07-24,6.101777,6.288392,5.919519,6.288392,6.288392,13060673
2021-07-25,6.292731,6.591444,6.036676,6.535758,6.535758,26752695
2021-07-26,6.505384,8.172164,6.252247,6.805373,6.805373,146922736
2021-07-27,6.801674,6.978754,6.136186,6.834232,6.834232,39090893
2021-07-28,6.799589,6.856253,6.481871,6.662454,6.662454,13137147
2021-07-29,6.649761,7.004702,6.397543,6.925529,6.925529,36058987
2021-07-30,6.927089,7.474757,6.539650,7.009972,7.009972,59667966
2021-07-31,7.022995,7.066338,6.805994,7.066338,7.066338,10440420
2021-08-01,7.066331,7.478603,6.888488,7.478603,7.478603,24137802
2021-08-02,7.404836,7.448233,6.833402,7.201242,7.201242,21166153
2021-08-03,7.214206,7.214206,6.755786,6.982176,6.982176,9859288
2021-08-04,6.995473,7.139883,6.782626,7.065047,7.065047,13247833
2021-08-05,7.065189,7.122115,6.859577,7.096307,7.096307,8569092
2021-08-06,7.092107,7.405442,6.974433,7.308503,7.308503,20987825
2021-08-07,7.308503,7.834961,7.286704,7.752082,7.752082,36371203
2021-08-08,7.773891,8.061803,7.378319,7.592103,7.592103,28521772
2021-08-09,7.561563,7.629257,7.102635,7.629257,7.629257,19319423
2021-08-10,7.650491,7.871441,7.482979,7.656152,7.656152,33326840
2021-08-11,7.686974,7.946256,7.567083,7.877294,7.877294,22364653
2021-08-12,7.894871,8.114016,7.267390,7.574775,7.574775,22956074
2021-08-13,7.566594,7.820128,7.437138,7.807235,7.807235,17496503
2021-08-14,7.815837,8.749252,7.755616,8.224501,8.224501,132497610
2021-08-15,8.215899,8.740668,7.914786,8.241595,8.241595,50596760
2021-08-16,8.198594,8.237314,7.634134,7.927870,7.927870,9944945
2021-08-17,7.945771,7.972309,7.363368,7.380316,7.380316,11929874
2021-08-18,7.380294,7.906543,7.344580,7.500128,7.500128,46656447
2021-08-19,7.512939,7.616555,7.175346,7.608188,7.608188,9828324
2021-08-20,7.595756,7.722807,7.446413,7.705806,7.705806,15579386
2021-08-21,7.705807,7.998265,7.582428,7.870680,7.870680,21091017
2021-08-22,7.879187,8.376918,7.666489,7.840854,7.840854,39125424
2021-08-23,7.832347,8.312985,7.738723,8.207078,8.207078,25111800
2021-08-24,8.194245,11.628393,8.194245,8.640800,8.640800,339810315
2021-08-25,8.615035,8.973957,7.619420,8.309857,8.309857,45874695
2021-08-26,8.310895,8.922341,7.748455,7.841263,7.841263,33833520
2021-08-27,7.854537,8.186080,7.560266,8.173180,8.173180,13135034
2021-08-28,8.186081,8.194684,7.919407,8.099884,8.099884,8886352
2021-08-29,8.086971,8.086971,7.803119,8.057009,8.057009,10621633
2021-08-30,8.052708,8.052708,7.824826,7.890806,7.890806,6695149
2021-08-31,7.895136,8.761145,7.879853,8.098901,8.098901,56107435
2021-09-01,8.085847,8.513690,7.920444,8.355570,8.355570,35040413
2021-09-02,8.359891,8.538443,8.251641,8.440298,8.440298,20495724
2021-09-03,8.435139,8.773504,8.236713,8.773504,8.773504,20069947
2021-09-04,8.738918,9.656097,8.652528,9.162861,9.162861,66296741
2021-09-05,9.145564,10.607795,8.431837,8.868800,8.868800,78243361
2021-09-06,8.868801,9.264806,8.643930,9.188044,9.188044,16350373
2021-09-07,9.173940,9.173940,6.979448,7.764743,7.764743,18482581
2021-09-08,7.743252,7.999855,6.691792,7.734291,7.734291,16312770
2021-09-09,7.456129,8.023771,7.393458,8.004005,8.004005,9530490
2021-09-10,8.020537,8.238884,7.477220,7.967425,7.967425,12035633
2021-09-11,7.954610,7.954610,7.535964,7.851600,7.851600,4599426
2021-09-12,7.890035,8.313306,7.779308,8.014394,8.014394,31329044
2021-09-13,8.014393,8.014393,7.448271,7.616257,7.616257,6910604
2021-09-14,7.605087,7.800347,7.491975,7.795392,7.795392,6443142
2021-09-15,7.765993,8.152979,7.642044,7.943747,7.943747,19668084
2021-09-16,7.948745,8.119760,7.782988,7.936992,7.936992,10180455
2021-09-17,7.927442,7.937262,7.693083,7.825175,7.825175,5084790
2021-09-18,7.825180,7.884559,7.711148,7.859026,7.859026,2925761
2021-09-19,7.888622,7.888622,7.656054,7.731601,7.731601,2803639
2021-09-20,7.740053,8.603872,6.783009,6.838785,6.838785,134045780
2021-09-21,6.858861,6.939946,5.989582,6.034955,6.034955,15884242
2021-09-22,6.039185,6.680983,5.652844,6.636684,6.636684,11882268
2021-09-23,6.645136,6.706960,6.247127,6.698864,6.698864,7605083
2021-09-24,6.686100,6.720577,5.964774,6.421747,6.421747,6127309
2021-09-25,6.455608,6.561740,6.099971,6.413603,6.413603,4017763
2021-09-26,6.439007,6.523747,6.061934,6.350461,6.350461,4682959
2021-09-27,6.329283,6.642206,6.177035,6.237873,6.237873,9874506
2021-09-28,6.242116,6.319333,5.843755,5.955466,5.955466,2843584
2021-09-29,5.976501,6.189591,5.759313,6.024654,6.024654,3990253
2021-09-30,6.024698,6.502597,5.982381,6.461287,6.461287,11753304
2021-10-01,6.478163,6.958772,6.372892,6.958772,6.958772,11330010
2021-10-02,6.963005,7.267874,6.844467,7.111273,7.111273,16526123
2021-10-03,7.085866,7.589927,7.081718,7.209900,7.209900,31214891
2021-10-04,7.218366,7.435700,6.826535,7.091157,7.091157,12758053
2021-10-05,7.112251,8.387965,6.843247,7.267886,7.267886,50162677
2021-10-06,7.251048,8.407958,7.062027,7.511582,7.511582,161902911
2021-10-07,7.504040,8.106014,7.379288,7.802628,7.802628,49817618
2021-10-08,7.802628,8.418772,7.598919,8.235791,8.235791,36633793
2021-10-09,8.294269,8.582549,7.536529,7.780446,7.780446,22320103
2021-10-10,7.797157,9.075790,7.671876,7.972645,7.972645,99027697
2021-10-11,8.018599,8.018599,7.663739,7.771980,7.771980,7921306
2021-10-12,7.792870,7.792870,6.986421,7.412696,7.412696,8061933
2021-10-13,7.433545,7.713340,7.234984,7.713340,7.713340,5940383
2021-10-14,7.725851,7.764692,7.569629,7.718369,7.718369,5120713
2021-10-15,7.727015,7.727015,6.957383,7.223695,7.223695,7062227
2021-10-16,7.223692,7.318886,7.025106,7.232978,7.232978,3082507
2021-10-17,7.261954,7.514698,7.078717,7.173599,7.173599,3229616
2021-10-18,7.177825,7.246662,6.816661,6.962069,6.962069,3094138
2021-10-19,6.987273,7.314763,6.913693,7.314763,7.314763,2470223
2021-10-20,7.297045,7.445786,6.998691,7.284653,7.284653,5625286
2021-10-21,7.310381,7.355503,7.149152,7.200040,7.200040,3446251
2021-10-22,7.208569,7.580335,7.145324,7.426360,7.426360,14829793
2021-10-23,7.400888,9.706583,7.400888,7.962439,7.962439,431568315
2021-10-24,7.987917,7.987917,7.396751,7.417970,7.417970,38997549
2021-10-25,7.451933,7.601157,7.413717,7.572690,7.572690,10522575
2021-10-26,7.568024,7.632407,7.374563,7.408206,7.408206,9410940
2021-10-27,7.429291,7.433962,6.551512,6.828263,6.828263,9913493
2021-10-28,6.850265,7.102677,6.659425,7.083029,7.083029,3356658
2021-10-29,7.081806,7.489247,7.024386,7.202340,7.202340,21298271
2021-10-30,7.206596,7.235953,7.031906,7.214699,7.214699,5419053
2021-10-31,7.218969,7.551021,6.989601,7.376829,7.376829,19023493
2021-11-01,7.398106,7.398106,7.030775,7.276655,7.276655,4576521
2021-11-02,7.289480,7.392895,7.157980,7.366158,7.366158,5494274
2021-11-03,7.379365,7.379365,7.050370,7.360085,7.360085,6013933
2021-11-04,7.362706,7.666142,7.300082,7.504582,7.504582,17849444
2021-11-05,7.504581,7.552885,7.325925,7.540189,7.540189,3978832
2021-11-06,7.523299,7.523299,7.375016,7.477596,7.477596,2962469
2021-11-07,7.473366,7.765375,7.456546,7.565298,7.565298,9684890
2021-11-08,7.561069,7.950339,7.376690,7.470265,7.470265,34701282
2021-11-09,7.451899,7.564768,7.351927,7.517835,7.517835,5257974
2021-11-10,7.488145,7.696171,7.189483,7.226526,7.226526,8789637
2021-11-11,7.230875,7.324774,7.145567,7.278963,7.278963,2279890
2021-11-12,7.232531,7.245046,7.090562,7.211790,7.211790,2307912
2021-11-13,7.199079,7.295340,7.156670,7.286959,7.286959,1845916
2021-11-14,7.282733,7.656647,6.579143,7.258668,7.258668,13447280
2021-11-15,7.258668,7.584425,7.178601,7.443117,7.443117,7337288
2021-11-16,7.459998,7.662712,6.688155,7.199164,7.199164,18212406
2021-11-17,7.203384,7.504484,7.013009,7.477310,7.477310,16486742
2021-11-18,7.480278,7.480278,6.932004,7.028479,7.028479,8415397
2021-11-19,6.998905,7.131613,6.685590,7.131613,7.131613,4503091
2021-11-20,7.119043,7.282531,6.997131,7.282521,7.282521,5671705
2021-11-21,7.269953,7.480161,7.190950,7.291125,7.291125,13416144
2021-11-22,7.291128,7.291128,7.031647,7.093009,7.093009,3434927
2021-11-23,7.071959,7.214569,7.018001,7.159183,7.159183,3934452
2021-11-24,7.142378,7.196994,7.049596,7.097995,7.097995,3758783
2021-11-25,7.115723,7.396998,7.061979,7.117754,7.117754,15791387
2021-11-26,7.325792,7.611487,6.763066,6.973843,6.973843,21909634
2021-11-27,6.982201,7.153023,6.907027,7.140667,7.140667,3290695
2021-11-28,7.107262,7.555106,6.873686,7.121036,7.121036,26801674
2021-11-29,7.087596,7.140256,6.954120,7.115300,7.115300,4357570
2021-11-30,7.102741,7.407429,6.995931,7.328264,7.328264,12794924
2021-12-01,7.243823,7.382988,7.178132,7.244069,7.244069,3560673
2021-12-02,7.252534,7.349946,7.078712,7.255595,7.255595,3884269
2021-12-03,7.264078,7.264078,7.007174,7.070449,7.070449,3043010
2021-12-04,7.070447,7.070458,4.533600,6.208894,6.208894,6257061
2021-12-05,6.238399,6.723624,5.614474,5.957929,5.957929,10629798
2021-12-06,5.860740,6.371126,5.551036,6.122917,6.122917,6506865
2021-12-07,6.139836,6.517707,6.010549,6.329641,6.329641,8012818
2021-12-08,6.316901,6.439093,6.016370,6.318559,6.318559,3740320
2021-12-09,6.327076,6.331336,5.885979,5.918919,5.918919,1937217
2021-12-10,5.914675,5.970530,5.596292,5.837598,5.837598,2351685
2021-12-11,5.829134,5.937338,5.765646,5.937338,5.937338,540875
2021-12-12,5.937323,6.120351,5.757361,5.833806,5.833806,1913515
2021-12-13,5.829575,5.842078,5.203577,5.256040,5.256040,1494224
2021-12-14,5.268684,5.395148,4.739259,5.153305,5.153305,1804580
2021-12-15,5.264360,5.486957,4.803075,5.453563,5.453563,2280985
2021-12-16,5.466205,5.518585,5.327531,5.348580,5.348580,1528082
2021-12-17,5.348583,5.543121,5.106198,5.361602,5.361602,1683584
2021-12-18,5.361592,5.462388,5.226853,5.411937,5.411937,717524
2021-12-19,5.437131,5.491772,5.348392,5.412018,5.412018,779754
2021-12-20,5.420432,5.451630,5.048591,5.204707,5.204707,1240621
2021-12-21,5.204647,5.357796,5.004898,5.286733,5.286733,1450928
2021-12-22,5.303460,5.899366,5.205994,5.437755,5.437755,15549453
2021-12-23,5.441963,6.066174,5.356508,5.680406,5.680406,25661462
2021-12-24,5.676189,5.766411,5.598374,5.639988,5.639988,3957222
2021-12-25,5.644201,5.753811,5.589440,5.686424,5.686424,1863883
2021-12-26,5.690637,6.212971,5.690637,5.853951,5.853951,14630459
2021-12-27,5.832867,5.845423,5.678270,5.775632,5.775632,2817032
2021-12-28,5.769066,5.793588,5.356895,5.383114,5.383114,1808648
2021-12-29,5.391509,5.561088,5.101334,5.182781,5.182781,1777945
2021-12-30,5.182746,5.426522,5.119285,5.336317,5.336317,2323191
2021-12-31,5.333482,5.441350,5.200569,5.335364,5.335364,1304170
2022-01-01,5.364771,5.789086,5.343765,5.484141,5.484141,14831738
2022-01-02,5.492552,5.786943,5.391570,5.694290,5.694290,5721604
2022-01-03,5.715316,5.925616,5.525035,5.614696,5.614696,7246643
2022-01-04,5.610513,5.618880,5.320553,5.444205,5.444205,1990376
2022-01-05,5.427506,5.531763,4.862734,4.950310,4.950310,1940949
2022-01-06,4.949913,4.970730,4.845386,4.903945,4.903945,1433318
2022-01-07,4.903109,4.986148,4.551792,4.922071,4.922071,2269151
2022-01-08,4.922071,4.972144,4.801314,4.913475,4.913475,591040
2022-01-09,4.917644,4.980225,4.609413,4.942962,4.942962,803501
2022-01-10,4.947136,5.590152,4.532830,5.028506,5.028506,35154039
2022-01-11,5.028506,5.028506,4.472451,4.615900,4.615900,4489140
2022-01-12,4.616583,4.810755,4.593556,4.790452,4.790452,2023313
2022-01-13,4.790195,5.147717,4.682340,4.741720,4.741720,2717772
2022-01-14,4.742533,5.006983,4.681182,4.939839,4.939839,1401629
2022-01-15,4.948234,5.036599,4.881286,4.969412,4.969412,1024604
2022-01-16,4.969412,4.994614,4.897981,4.973659,4.973659,809183
2022-01-17,4.973659,4.973659,4.826047,4.848809,4.848809,901945
2022-01-18,4.857201,4.890765,4.626737,4.722238,4.722238,1336261
2022-01-19,4.713858,4.775435,4.582233,4.670176,4.670176,641650
2022-01-20,4.670176,5.648274,4.551017,4.581566,4.581566,17173254
2022-01-21,4.585757,4.587513,4.194280,4.194300,4.194300,1922271
2022-01-22,4.194301,4.552955,3.681060,3.936711,3.936711,7674097
2022-01-23,3.940903,4.389418,3.890684,4.075134,4.075134,5627192
2022-01-24,4.075134,4.221862,3.686366,3.941160,3.941160,2303400
2022-01-25,3.949886,3.954060,3.679179,3.880732,3.880732,1016280
2022-01-26,3.882356,4.151419,3.789046,4.012160,4.012160,3247562
2022-01-27,4.053940,4.087367,3.898041,4.023679,4.023679,1491125
2022-01-28,4.027831,4.133022,3.947486,4.094922,4.094922,1610391
2022-01-29,4.123843,4.260176,4.082536,4.227892,4.227892,3114804
2022-01-30,4.244420,4.794023,4.244420,4.385301,4.385301,24465360
2022-01-31,4.397700,4.430761,4.104693,4.253033,4.253033,2424518
2022-02-01,4.277929,4.481244,4.232288,4.318038,4.318038,3843154
2022-02-02,4.322194,5.272577,4.259511,4.391645,4.391645,35568154
2022-02-03,4.403659,4.758988,4.341178,4.465509,4.465509,20030938
2022-02-04,4.466411,4.672302,4.415687,4.672302,4.672302,6373164
2022-02-05,4.680094,5.226519,4.663959,4.873195,4.873195,21649378
2022-02-06,4.852335,4.885711,4.681273,4.852333,4.852333,3071585
2022-02-07,4.848161,5.011686,4.760530,4.968247,4.968247,6738422
2022-02-08,4.964070,4.976032,4.640313,4.828962,4.828962,2909956
2022-02-09,4.828153,4.866650,4.665304,4.840159,4.840159,1443055
2022-02-10,4.844346,4.864610,4.650504,4.658831,4.658831,2249971
2022-02-11,4.683004,4.825376,4.504932,4.567442,4.567442,4854925
2022-02-12,4.559107,4.646618,4.421589,4.500769,4.500769,2063549
2022-02-13,4.500769,4.763308,4.438258,4.671608,4.671608,2413430
2022-02-14,4.646609,4.934191,4.400785,4.584724,4.584724,17828517
2022-02-15,4.584734,4.770636,4.501238,4.749752,4.749752,5295598
2022-02-16,4.753929,5.088118,4.708698,4.842177,4.842177,20726708
2022-02-17,4.858889,4.858889,4.362840,4.400756,4.400756,2753396
2022-02-18,4.404593,4.650622,4.354498,4.461704,4.461704,3591287
2022-02-19,4.457525,4.503521,4.273540,4.394804,4.394804,917901
2022-02-20,4.394804,4.641510,4.248446,4.349208,4.349208,8946792
2022-02-21,4.340845,4.451769,4.009469,4.051321,4.051321,3185121
2022-02-22,4.051321,4.182561,3.854615,4.182561,4.182561,1352540
2022-02-23,4.182561,4.563932,4.103721,4.137870,4.137870,18459352
2022-02-24,4.158831,4.167216,3.677985,4.004468,4.004468,3850612
2022-02-25,4.008515,4.257695,3.888340,4.241002,4.241002,3125388
2022-02-26,4.241002,4.370039,4.207609,4.370039,4.370039,2789648
2022-02-27,4.378385,4.741505,4.228473,4.306880,4.306880,17139871
2022-02-28,4.315226,4.537148,4.133509,4.537148,4.537148,3257573
2022-03-01,4.541309,4.581445,4.362341,4.550211,4.550211,3392060
2022-03-02,4.558478,4.566779,4.371873,4.483328,4.483328,2352321
2022-03-03,4.470871,4.711837,4.287618,4.345493,4.345493,5587774
2022-03-04,4.358062,4.403574,4.169291,4.252477,4.252477,2120946
2022-03-05,4.252478,4.319109,4.190795,4.315005,4.315005,733163
2022-03-06,4.310901,4.310901,4.182666,4.263159,4.263159,826798
2022-03-07,4.271373,4.271373,4.130197,4.187171,4.187171,1011051
2022-03-08,4.187297,4.238716,4.137877,4.234665,4.234665,1221136
2022-03-09,4.234681,4.352787,4.194237,4.336442,4.336442,1711721
2022-03-10,4.340519,4.356186,4.144148,4.207625,4.207625,4454918
2022-03-11,4.203556,4.337838,4.160503,4.243765,4.243765,5937116
2022-03-12,4.239724,4.316512,4.150812,4.195264,4.195264,2553486
2022-03-13,4.199305,4.199305,4.054577,4.066702,4.066702,880006
2022-03-14,4.066702,4.123284,4.002051,4.077177,4.077177,925225
2022-03-15,4.076719,4.081201,3.974133,4.072963,4.072963,595438
2022-03-16,4.076988,4.306394,3.996650,4.187915,4.187915,9139034
2022-03-17,4.187915,4.227060,4.109593,4.209956,4.209956,1110272
2022-03-18,4.209957,4.234792,4.155420,4.226538,4.226538,805311
2022-03-19,4.230664,4.296771,4.210087,4.296771,4.296771,1501394
2022-03-20,4.296771,4.313284,4.247202,4.271530,4.271530,2179715
2022-03-21,4.267404,4.304131,4.200541,4.254023,4.254023,1251933
2022-03-22,4.254023,4.360856,4.213171,4.360856,4.360856,1701416
2022-03-23,4.364970,4.533866,4.344400,4.408715,4.408715,6023373
2022-03-24,4.396414,4.437486,4.326555,4.433393,4.433393,1897587
2022-03-25,4.434307,4.536674,4.392473,4.443189,4.443189,3814233
2022-03-26,4.443189,4.598302,4.386097,4.598302,4.598302,6816495
2022-03-27,4.594222,5.038919,4.512618,4.830887,4.830887,28859274
2022-03-28,4.843127,4.945164,4.728885,4.883777,4.883777,8555018
2022-03-29,4.879694,6.072023,4.879694,5.134889,5.134889,127928505
2022-03-30,5.134942,5.134942,4.927244,5.089397,5.089397,7657609
2022-03-31,5.089417,5.212956,5.021751,5.171334,5.171334,12416185
2022-04-01,5.171335,5.208363,4.961524,5.205899,5.205899,5540594
2022-04-02,5.214098,5.402654,5.119818,5.337056,5.337056,7970240
2022-04-03,5.349353,5.361651,5.140302,5.234574,5.234574,2817592
2022-04-04,5.234574,5.246871,4.947440,5.071490,5.071490,2360896
2022-04-05,5.083839,5.125001,4.960348,5.002699,5.002699,1382085
2022-04-06,4.997338,5.258992,4.530414,4.567448,4.567448,8124511
2022-04-07,4.587973,4.749126,4.510016,4.724620,4.724620,1761739
2022-04-08,4.720450,4.755095,4.559354,4.559354,4.559354,1337802
2022-04-09,4.563421,4.584442,4.490888,4.584442,4.584442,624831
2022-04-10,4.592577,4.625115,4.490890,4.535636,4.535636,582472
2022-04-11,4.551908,4.690214,4.157219,4.169362,4.169362,2344231
2022-04-12,4.173410,4.408236,4.079946,4.408236,4.408236,1305930
2022-04-13,4.420446,4.644382,4.310236,4.538697,4.538697,3289243
2022-04-14,4.546874,4.567284,4.386109,4.446341,4.446341,979633
2022-04-15,4.446341,4.535756,4.373184,4.482991,4.482991,1061652
2022-04-16,4.499264,4.633509,4.413831,4.474851,4.474851,1977669
2022-04-17,4.474851,4.482978,4.385358,4.397559,4.397559,573880
2022-04-18,4.397559,4.397559,4.183652,4.366884,4.366884,1349022
2022-04-19,4.370929,4.581933,4.330493,4.488877,4.488877,5970016
2022-04-20,4.492910,4.630032,4.412456,4.468061,4.468061,3292626
2022-04-21,4.468061,5.785817,4.416191,5.013867,5.013867,206813875
2022-04-22,4.997773,5.066174,4.478816,4.546062,4.546062,27530908
2022-04-23,4.542042,4.558119,4.320980,4.403434,4.403434,5677812
2022-04-24,4.403434,4.495840,4.278877,4.299916,4.299916,3609478
2022-04-25,4.287866,4.332045,3.992099,4.155323,4.155323,2505323
2022-04-26,4.155323,4.275226,3.993753,4.024967,4.024967,7477377
2022-04-27,4.028931,4.476369,3.941707,4.133651,4.133651,29576372
2022-04-28,4.129704,5.140375,4.121809,4.330360,4.330360,162136465
2022-04-29,4.310712,4.483931,4.112115,4.127473,4.127473,25100701
2022-04-30,4.123516,4.143302,3.802975,3.814847,3.814847,3605055
2022-05-01,3.810889,4.139344,3.802975,3.866292,3.866292,9798355
2022-05-02,3.874207,3.945438,3.678161,3.742459,3.742459,2575472
2022-05-03,3.740772,3.769715,3.673767,3.688756,3.688756,1198291
2022-05-04,3.680775,3.921702,3.611648,3.905746,3.905746,9001509
2022-05-05,3.905745,4.138533,3.722628,3.858543,3.858543,18739795
2022-05-06,3.866417,3.870702,3.620382,3.732690,3.732690,3802942
2022-05-07,3.729140,4.110230,3.713344,3.767710,3.767710,15784597
2022-05-08,3.767710,3.775584,3.527553,3.594477,3.594477,2108354
2022-05-09,3.594477,3.622035,3.148209,3.202197,3.202197,1949122
2022-05-10,3.206969,3.515244,3.030103,3.237087,3.237087,5775031
2022-05-11,3.250810,3.351481,2.505999,2.607727,2.607727,2447859
2022-05-12,2.639015,2.713302,1.996578,2.182524,2.182524,2510451
2022-05-13,2.193735,2.509617,2.148070,2.430456,2.430456,3095090
2022-05-14,2.426549,2.719610,2.275989,2.557532,2.557532,5950440
2022-05-15,2.557532,2.655281,2.471469,2.651371,2.651371,1209690
2022-05-16,2.651371,2.748888,2.523172,2.638859,2.638859,3426052
2022-05-17,2.650570,2.717997,2.535190,2.698270,2.698270,1151354
2022-05-18,2.721891,2.721925,2.294909,2.309970,2.309970,1578549
2022-05-19,2.302820,2.430653,2.141101,2.422856,2.422856,1532040
2022-05-20,2.418779,2.525773,2.280679,2.343350,2.343350,2111799
2022-05-21,2.343350,2.551515,2.312060,2.414140,2.414140,3184007
2022-05-22,2.418066,3.293430,2.414140,2.790984,2.790984,67635075
2022-05-23,2.783133,3.106586,2.618886,2.650628,2.650628,30662634
2022-05-24,2.658564,2.709574,2.397440,2.602443,2.602443,4126058
2022-05-25,2.606436,2.804335,2.557620,2.666873,2.666873,11172946
2022-05-26,2.651093,2.666873,2.380376,2.547933,2.547933,1788675
2022-05-27,2.548488,2.665227,2.447093,2.526853,2.526853,1363791
2022-05-28,2.502945,2.570683,2.475047,2.562728,2.562728,991310
2022-05-29,2.554757,2.626496,2.475046,2.601444,2.601444,2615630
2022-05-30,2.613377,2.803549,2.537800,2.779279,2.779279,2796802
2022-05-31,2.779279,2.807597,2.685189,2.752593,2.752593,2045091
2022-06-01,2.748569,2.861186,2.641646,2.681731,2.681731,4851240
2022-06-02,2.689748,2.803399,2.633584,2.791354,2.791354,2673072
2022-06-03,2.799371,2.799371,2.668982,2.751881,2.751881,1291847
2022-06-04,2.747976,2.767947,2.684714,2.732655,2.732655,781070
2022-06-05,2.724665,5.293521,2.704689,4.726215,4.726215,497110837
2022-06-06,4.746191,5.001878,4.013186,4.156041,4.156041,119475902
2022-06-07,4.160026,4.160026,3.547115,3.677152,3.677152,28969936
2022-06-08,3.689028,3.724883,3.416717,3.607130,3.607130,14098043
2022-06-09,3.615186,4.108346,3.410904,3.472497,3.472497,59028778
2022-06-10,3.464587,3.488067,3.133504,3.208180,3.208180,10192772
2022-06-11,3.199003,4.169500,3.133963,3.509787,3.509787,163033623
2022-06-12,3.490244,3.490245,2.993872,3.064224,3.064224,23972673
2022-06-13,3.068132,3.322181,2.394835,2.537983,2.537983,20222502
2022-06-14,2.545740,2.739163,2.240080,2.600321,2.600321,21396328
2022-06-15,2.600321,2.878194,2.339999,2.858988,2.858988,25233194
2022-06-16,2.866810,3.380842,2.698699,2.907446,2.907446,80267643
2022-06-17,2.926878,3.057144,2.790996,3.000248,3.000248,23696689
2022-06-18,3.015733,3.019603,2.655826,2.814557,2.814557,9154318
2022-06-19,2.818428,3.062331,2.717770,2.949721,2.949721,30735749
2022-06-20,2.965206,2.986114,2.814236,2.986114,2.986114,9689928
2022-06-21,2.989982,3.135699,2.893273,3.078644,3.078644,18611448
2022-06-22,3.086381,3.543315,2.989590,3.224607,3.224607,49567388
2022-06-23,3.240012,3.308730,3.124434,3.293351,3.293351,17240371
2022-06-24,3.289508,3.389385,3.199601,3.377811,3.377811,10268360
2022-06-25,3.362319,3.377755,3.187805,3.311947,3.311947,7167871
2022-06-26,3.304206,3.362249,3.214942,3.257603,3.257603,7108861
2022-06-27,3.249847,3.436104,3.133615,3.315067,3.315067,27697449
2022-06-28,3.322830,3.481200,3.190761,3.251014,3.251014,18068558
2022-06-29,3.257486,3.257486,3.022728,3.114388,3.114388,4783632
2022-06-30,3.118226,3.233450,2.761865,2.998093,2.998093,9101129
2022-07-01,3.017509,3.033077,2.858038,2.975742,2.975742,3420256
2022-07-02,2.987286,2.998698,2.887071,2.994847,2.994847,2289281
2022-07-03,3.014090,3.014090,2.925307,2.956107,2.956107,1516669
2022-07-04,2.967603,3.110248,2.848508,3.008818,3.008818,9776810
2022-07-05,3.012675,3.020449,2.869190,2.947870,2.947870,2567923
2022-07-06,2.947870,2.984148,2.901994,2.976487,2.976487,1483471
2022-07-07,2.984486,3.047110,2.921225,3.043227,3.043227,2190245
2022-07-08,3.039383,3.211119,2.979525,3.096962,3.096962,12519496
2022-07-09,3.093130,3.363434,3.054496,3.193551,3.193551,28513667
2022-07-10,3.197405,3.216705,3.027492,3.042935,3.042935,4348207
2022-07-11,3.035215,3.093141,2.844793,2.886705,2.886705,2998679
2022-07-12,2.890728,2.890728,2.783796,2.804910,2.804910,1104812
2022-07-13,2.804911,2.908094,2.698813,2.860406,2.860406,2982524
2022-07-14,2.864199,2.911895,2.747456,2.861858,2.861858,2413119
2022-07-15,2.858073,2.892152,2.814760,2.878605,2.878605,1833640
2022-07-16,2.882393,2.929737,2.858038,2.922158,2.922158,1730254
2022-07-17,2.925947,2.934041,2.873389,2.892334,2.892334,1526572
2022-07-18,2.892334,2.994269,2.862012,2.994269,2.994269,3467513
2022-07-19,2.998052,3.110029,2.930642,3.110029,3.110029,4713778
2022-07-20,3.106203,3.231998,2.986279,3.100553,3.100553,11387650
2022-07-21,3.089128,3.115776,2.932955,3.085001,3.085001,5418555
2022-07-22,3.084328,3.086965,3.007808,3.083149,3.083149,3001472
2022-07-23,3.086421,3.136072,3.001998,3.087192,3.087192,4479005
2022-07-24,3.091008,3.113904,3.037589,3.070518,3.070518,2576875
2022-07-25,3.071063,3.232879,2.902499,2.990068,2.990068,28211225
2022-07-26,2.993862,3.520019,2.902435,3.055181,3.055181,75237025
2022-07-27,3.051397,3.222793,2.979137,3.133305,3.133305,24388669
2022-07-28,3.137107,3.193932,3.057092,3.182996,3.182996,11657162
2022-07-29,3.190065,3.190065,3.076295,3.132538,3.132538,8071813
2022-07-30,3.136368,3.168889,3.099744,3.145794,3.145794,3811951
2022-07-31,3.149623,3.211077,3.107461,3.195711,3.195711,7631683
2022-08-01,3.195710,3.352106,3.195710,3.330371,3.330371,13143196
2022-08-02,3.341836,3.341836,3.069503,3.159879,3.159879,5152555
2022-08-03,3.156081,3.196836,3.087443,3.172041,3.172041,2343471
2022-08-04,3.175858,3.215275,3.135902,3.202641,3.202641,2232405
2022-08-05,3.202641,3.274164,3.171980,3.274164,3.274164,3109301
2022-08-06,3.277965,3.305565,3.235797,3.278685,3.278685,1679728
2022-08-07,3.297807,3.466800,3.236805,3.271345,3.271345,9642277
2022-08-08,3.267510,3.305123,3.232997,3.300486,3.300486,3547209
2022-08-09,3.308277,3.308277,3.144846,3.203630,3.203630,2985384
2022-08-10,3.199872,3.305540,3.145716,3.304900,3.304900,4450711
2022-08-11,3.297837,3.471212,3.285573,3.323228,3.323228,9063203
2022-08-12,3.324354,3.602914,3.246706,3.387942,3.387942,13633935
2022-08-13,3.388956,3.484783,3.349608,3.416819,3.416819,8026824
2022-08-14,3.424485,3.436014,3.355395,3.386107,3.386107,2745643
2022-08-15,3.386107,3.399711,3.282637,3.337321,3.337321,2887032
2022-08-16,3.337320,3.383033,3.248623,3.300200,3.300200,2393477
2022-08-17,3.300200,3.306459,3.141604,3.227745,3.227745,1991490
2022-08-18,3.216344,3.238109,3.160257,3.221322,3.221322,1063806
2022-08-19,3.213487,3.318446,2.826433,2.878085,2.878085,6730789
2022-08-20,2.874376,2.938413,2.830035,2.896973,2.896973,1330938
2022-08-21,2.904456,2.953139,2.837100,2.930684,2.930684,1183350
2022-08-22,2.926941,2.930684,2.708120,2.838922,2.838922,1263321
2022-08-23,2.838925,2.883026,2.755330,2.857786,2.857786,757530
2022-08-24,2.857854,2.962331,2.798214,2.879303,2.879303,5450867
2022-08-25,2.883033,2.948780,2.845738,2.948780,2.948780,1407961
2022-08-26,2.948779,2.952610,2.726859,2.760381,2.760381,1114346
2022-08-27,2.767791,2.909208,2.700755,2.756663,2.756663,3026758
2022-08-28,2.756657,2.790093,2.711891,2.719165,2.719165,1158565
2022-08-29,2.722889,2.767555,2.681430,2.763809,2.763809,836795
2022-08-30,2.774849,2.871511,2.713197,2.766639,2.766639,4653066
2022-08-31,2.774045,2.820210,2.755518,2.797857,2.797857,1148323
2022-09-01,2.797827,2.872369,2.685892,2.738199,2.738199,1722382
2022-09-02,2.730828,2.752185,2.699952,2.715440,2.715440,484106
2022-09-03,2.719109,2.737094,2.700436,2.718768,2.718768,369721
2022-09-04,2.715103,2.748118,2.704139,2.744469,2.744469,296056
2022-09-05,2.744469,2.744471,2.648710,2.705151,2.705151,729179
2022-09-06,2.695175,2.716140,2.613687,2.614224,2.614224,803054
2022-09-07,2.613827,2.707946,2.530086,2.665945,2.665945,3719586
2022-09-08,2.665945,2.785636,2.637019,2.729456,2.729456,5813315
2022-09-09,2.722239,2.819682,2.704227,2.793366,2.793366,3306002
2022-09-10,2.789745,2.854952,2.749796,2.800535,2.800535,2578087
2022-09-11,2.804225,2.869444,2.764361,2.818713,2.818713,5458128
2022-09-12,2.818713,2.836591,2.774574,2.816011,2.816011,1810610
2022-09-13,2.816011,2.819645,2.607873,2.650912,2.650912,1610012
2022-09-14,2.636564,2.691315,2.557233,2.683927,2.683927,1320236
2022-09-15,2.680677,2.853255,2.587671,2.626678,2.626678,8031544
2022-09-16,2.626678,2.702889,2.594523,2.680378,2.680378,3515771
2022-09-17,2.680378,2.697457,2.657785,2.693851,2.693851,871360
2022-09-18,2.693851,2.693851,2.514895,2.569015,2.569015,1199658
2022-09-19,2.569015,2.579839,2.428294,2.567827,2.567827,933375
2022-09-20,2.567826,2.567826,2.478064,2.513398,2.513398,298395
2022-09-21,2.513420,2.592286,2.452574,2.499161,2.499161,1050683
2022-09-22,2.500218,2.554826,2.459930,2.551272,2.551272,912316
2022-09-23,2.551272,2.597011,2.486150,2.540151,2.540151,1131211
2022-09-24,2.547447,2.561888,2.519340,2.551236,2.551236,385995
2022-09-25,2.547727,2.568892,2.505684,2.505685,2.505685,421904
2022-09-26,2.502171,2.533804,2.420055,2.475592,2.475592,778480
2022-09-27,2.477414,2.524164,2.459212,2.483819,2.483819,706427
2022-09-28,2.469853,2.487287,2.397076,2.481808,2.481808,433844
2022-09-29,2.481808,2.484249,2.435342,2.466654,2.466654,1015143
2022-09-30,2.466654,2.470179,2.429082,2.451709,2.451709,424856
2022-10-01,2.452853,2.454463,2.433627,2.447508,2.447508,186930
2022-10-02,2.450977,2.450991,2.416282,2.433638,2.433638,196520
2022-10-03,2.430167,2.458418,2.413496,2.454970,2.454970,155148
2022-10-04,2.454970,2.505185,2.440683,2.498139,2.498139,352462
2022-10-05,2.501662,2.549451,2.467585,2.484122,2.484122,738099
2022-10-06,2.484123,2.505407,2.473605,2.479200,2.479200,239676
2022-10-07,2.479211,2.515921,2.447496,2.474848,2.474848,1171190
2022-10-08,2.474051,3.210717,2.459853,2.712628,2.712628,88886865
2022-10-09,2.709119,2.709119,2.484547,2.509103,2.509103,8620594
2022-10-10,2.512610,2.593898,2.427947,2.441897,2.441897,7594086
2022-10-11,2.441897,2.483870,2.374590,2.405123,2.405123,2826034
2022-10-12,2.408608,2.412283,2.360671,2.381134,2.381134,928636
2022-10-13,2.387818,2.408898,2.171302,2.283729,2.283729,1792755
2022-10-14,2.283730,2.349692,2.265681,2.311859,2.311859,1250916
2022-10-15,2.309783,2.311730,2.257767,2.288936,2.288936,437144
2022-10-16,2.288936,2.302809,2.261238,2.282043,2.282043,537250
2022-10-17,2.282044,2.336562,2.254301,2.326095,2.326095,1170925
2022-10-18,2.329582,2.329586,2.293647,2.308490,2.308490,707647
2022-10-19,2.308490,2.323087,2.257075,2.257454,2.257454,672011
2022-10-20,2.257454,2.316676,2.246095,2.256557,2.256557,1715177
2022-10-21,2.258941,2.269427,2.190935,2.241434,2.241434,616321
2022-10-22,2.242602,2.389592,2.241236,2.277607,2.277607,5440192
2022-10-23,2.274109,2.532979,2.235626,2.354572,2.354572,19871422
2022-10-24,2.358069,2.637966,2.322957,2.386970,2.386970,37756456
2022-10-25,2.385202,2.406849,2.301012,2.374083,2.374083,3647925
2022-10-26,2.381379,2.428245,2.354700,2.391790,2.391790,1343619
2022-10-27,2.391985,2.457370,2.342154,2.348123,2.348123,4235120
2022-10-28,2.371937,2.387132,2.328320,2.367822,2.367822,1072272
2022-10-29,2.381874,2.395561,2.344600,2.374738,2.374738,1779308
2022-10-30,2.376467,2.376983,2.322399,2.334408,2.334408,1218135
2022-10-31,2.332542,2.930188,2.305465,2.502008,2.502008,81138066
2022-11-01,2.470777,2.811532,2.467509,2.509090,2.509090,40942706
2022-11-02,2.483630,2.511356,2.335266,2.361857,2.361857,3333500
2022-11-03,2.363803,2.409658,2.353480,2.406028,2.406028,1357825
2022-11-04,2.405858,2.540763,2.405858,2.530257,2.530257,8215754
2022-11-05,2.531790,2.573047,2.488089,2.516524,2.516524,6447453
2022-11-06,2.516664,2.566592,2.484754,2.489932,2.489932,1535757
2022-11-07,2.486642,2.497548,2.411059,2.423241,2.423241,1309605
2022-11-08,2.426551,2.450585,2.229573,2.280471,2.280471,2152190
2022-11-09,2.280622,2.305805,1.603039,1.737628,1.737628,2179376
2022-11-10,1.719269,2.012273,1.719269,1.998789,1.998789,2923992
2022-11-11,1.998266,2.048391,1.846802,1.952021,1.952021,2184270
2022-11-12,1.952238,2.150756,1.861817,1.934806,1.934806,6235569
2022-11-13,1.940543,2.092591,1.851649,1.902044,1.902044,3205292
2022-11-14,1.900066,1.901180,1.678883,1.886599,1.886599,1811545
2022-11-15,1.886560,2.054984,1.869815,2.028830,2.028830,6329454
2022-11-16,2.027449,2.072037,1.891385,1.908368,1.908368,2331297
2022-11-17,2.014531,2.023252,1.819032,1.959122,1.959122,441453
2022-11-18,1.957624,2.009799,1.870523,2.003611,2.003611,757716
2022-11-19,1.967311,2.116852,1.958739,2.097963,2.097963,2266835
2022-11-20,2.098048,2.129100,2.007536,2.075255,2.075255,4091862
2022-11-21,2.073352,2.073352,1.938995,2.005754,2.005754,1716909
2022-11-22,2.007290,2.168042,1.963994,2.130867,2.130867,1009452
2022-11-23,2.140616,2.215722,1.964640,2.214669,2.214669,1423695
2022-11-24,2.067399,2.229809,2.031924,2.183517,2.183517,1239008
2022-11-25,2.182268,2.248858,2.074152,2.083614,2.083614,4268994
2022-11-26,2.083591,2.095888,2.066657,2.089930,2.089930,830970
2022-11-27,2.091535,2.412170,2.091535,2.154237,2.154237,30171017
2022-11-28,2.152615,2.153829,2.071008,2.092243,2.092243,1901284
2022-11-29,2.094203,2.148300,2.066815,2.137816,2.137816,1843165
2022-11-30,2.137800,2.163408,2.102717,2.159834,2.159834,983224
2022-12-01,2.159799,2.192569,2.079569,2.093533,2.093533,628689
2022-12-02,2.093671,2.097539,2.058514,2.091564,2.091564,593905
2022-12-03,2.091651,2.166518,2.076838,2.162670,2.162670,271353
2022-12-04,2.162670,2.183079,2.143363,2.162795,2.162795,495081
2022-12-05,2.162696,2.185779,2.143767,2.167928,2.167928,583231
2022-12-06,2.168073,2.172819,2.103008,2.120539,2.120539,336012
2022-12-07,2.120532,2.191305,2.045616,2.191305,2.191305,1685484
2022-12-08,2.195059,2.195059,2.069889,2.136052,2.136052,3510358
2022-12-09,2.135949,2.468990,2.135949,2.223804,2.223804,32179649
2022-12-10,2.221581,2.221936,2.167759,2.183537,2.183537,3039290
2022-12-11,2.184793,2.184931,2.133187,2.133289,2.133289,1600200
2022-12-12,2.133183,2.193522,2.093964,2.185848,2.185848,1007630
2022-12-13,2.189670,2.242108,2.090567,2.190553,2.190553,12490068
2022-12-14,2.190604,2.269189,2.181692,2.222110,2.222110,2222817
2022-12-15,2.220058,2.221929,2.177082,2.182479,2.182479,579765
2022-12-16,2.182480,2.214617,2.066466,2.073145,2.073145,3566218
2022-12-17,2.073112,2.142595,2.059302,2.140361,2.140361,640089
2022-12-18,2.142302,2.259313,2.124667,2.161759,2.161759,11273291
2022-12-19,2.161850,2.217707,2.112092,2.156871,2.156871,4545294
2022-12-20,2.166610,2.280974,2.166610,2.218758,2.218758,4312705
2022-12-21,2.223225,2.249868,2.175262,2.236974,2.236974,1695259
2022-12-22,2.235792,2.289952,2.212845,2.255049,2.255049,886160
2022-12-23,2.258930,2.274456,2.234318,2.254431,2.254431,776748
2022-12-24,2.256383,2.331586,2.245572,2.273709,2.273709,848170
2022-12-25,2.275646,2.275646,2.138896,2.150052,2.150052,508802
2022-12-26,2.151832,2.199639,2.144542,2.185467,2.185467,1103579
2022-12-27,2.185434,2.189496,2.103011,2.117101,2.117101,386649
2022-12-28,2.118219,2.121397,2.048169,2.050056,2.050056,541752
2022-12-29,2.050037,2.078534,2.018245,2.075094,2.075094,326245
2022-12-30,2.075007,2.077576,1.983392,2.007371,2.007371,217715
2022-12-31,2.008745,2.055861,2.000330,2.017433,2.017433,1199425
2023-01-01,2.017474,2.072795,2.006950,2.066347,2.066347,126672
2023-01-02,2.066387,2.219444,2.066387,2.123845,2.123845,8792177
2023-01-03,2.123868,2.137932,2.096400,2.137041,2.137041,790543
2023-01-04,2.137041,2.172872,2.117432,2.168295,2.168295,722738
2023-01-05,2.172872,2.177277,2.039799,2.099586,2.099586,1024073
2023-01-06,2.099557,2.124217,2.007619,2.120850,2.120850,983205
2023-01-07,null,null,null,null,null,null