Date,Open,High,Low,Close,SHX-USD,Volume
2019-01-07,0.003626,0.004374,0.003331,0.003340,0.003340,9626
2019-01-08,0.003345,0.004292,0.002677,0.002955,0.002955,7153
2019-01-09,0.002959,0.003731,0.002879,0.003112,0.003112,10387
2019-01-10,0.003175,0.003434,0.001173,0.001703,0.001703,26236
2019-01-11,0.001817,0.001828,0.000953,0.001074,0.001074,9695
2019-01-12,0.001072,0.001522,0.001020,0.001376,0.001376,4146
2019-01-13,0.001376,0.001592,0.001106,0.001245,0.001245,3812
2019-01-14,0.001245,0.001736,0.001245,0.001462,0.001462,6764
2019-01-15,0.001460,0.001519,0.001244,0.001289,0.001289,2645
2019-01-16,0.001291,0.001513,0.001239,0.001347,0.001347,3531
2019-01-17,0.001470,0.001512,0.001168,0.001176,0.001176,1857
2019-01-18,0.001174,0.001463,0.000962,0.001131,0.001131,6643
2019-01-19,0.001131,0.001218,0.000971,0.001218,0.001218,544
2019-01-20,0.001217,0.001229,0.000988,0.001006,0.001006,4587
2019-01-21,0.001005,0.001202,0.000999,0.001013,0.001013,1168
2019-01-22,0.001016,0.001153,0.000952,0.000973,0.000973,2688
2019-01-23,0.000949,0.001140,0.000813,0.000950,0.000950,6974
2019-01-24,0.000947,0.001072,0.000818,0.000986,0.000986,4316
2019-01-25,0.000984,0.001006,0.000825,0.001000,0.001000,2249
2019-01-26,0.000995,0.001011,0.000747,0.000883,0.000883,5033
2019-01-27,0.000907,0.000933,0.000620,0.000801,0.000801,6630
2019-01-28,0.000801,0.000802,0.000563,0.000717,0.000717,3202
2019-01-29,0.000747,0.000750,0.000562,0.000671,0.000671,2675
2019-01-30,0.000669,0.000732,0.000637,0.000642,0.000642,2066
2019-01-31,0.000642,0.000776,0.000642,0.000752,0.000752,929
2019-02-01,0.000753,0.000797,0.000639,0.000762,0.000762,1968
2019-02-02,0.000700,0.000796,0.000699,0.000791,0.000791,446
2019-02-03,0.000789,0.000979,0.000752,0.000822,0.000822,6792
2019-02-04,0.000822,0.001374,0.000820,0.001036,0.001036,3549
2019-02-05,0.001035,0.001498,0.001018,0.001393,0.001393,8503
2019-02-06,0.001397,0.001397,0.000884,0.001190,0.001190,5406
2019-02-07,0.001192,0.001302,0.000918,0.001269,0.001269,7819
2019-02-08,0.001270,0.001480,0.001117,0.001421,0.001421,6781
2019-02-09,0.001422,0.001426,0.001242,0.001253,0.001253,10253
2019-02-10,0.001254,0.001371,0.000791,0.001149,0.001149,29098
2019-02-11,0.001153,0.001287,0.000671,0.001010,0.001010,15531
2019-02-12,0.001008,0.001063,0.000686,0.000931,0.000931,12730
2019-02-13,0.000931,0.001023,0.000680,0.000847,0.000847,6749
2019-02-14,0.000847,0.000926,0.000588,0.000629,0.000629,12421
2019-02-15,0.000628,0.000777,0.000584,0.000641,0.000641,2881
2019-02-16,0.000701,0.000704,0.000588,0.000632,0.000632,2447
2019-02-17,0.000632,0.000679,0.000584,0.000677,0.000677,583
2019-02-18,0.000676,0.000711,0.000641,0.000710,0.000710,1604
2019-02-19,0.000709,0.000736,0.000651,0.000675,0.000675,1747
2019-02-20,0.000676,0.000727,0.000622,0.000688,0.000688,2170
2019-02-21,0.000688,0.000725,0.000679,0.000684,0.000684,1083
2019-02-22,0.000684,0.000829,0.000678,0.000772,0.000772,2089
2019-02-23,0.000771,0.000802,0.000689,0.000795,0.000795,2520
2019-02-24,0.000796,0.000806,0.000664,0.000713,0.000713,1360
2019-02-25,0.000709,0.000733,0.000633,0.000662,0.000662,592
2019-02-26,0.000660,0.000699,0.000624,0.000651,0.000651,24405
2019-02-27,0.000652,0.000663,0.000619,0.000650,0.000650,12762
2019-02-28,0.000649,0.000653,0.000638,0.000647,0.000647,11712
2019-03-01,0.000646,0.000665,0.000640,0.000652,0.000652,11431
2019-03-02,0.000652,0.000658,0.000608,0.000627,0.000627,13150
2019-03-03,0.000627,0.000665,0.000606,0.000658,0.000658,11860
2019-03-04,0.000656,0.000657,0.000621,0.000632,0.000632,11578
2019-03-05,0.000632,0.000635,0.000481,0.000545,0.000545,4824
2019-03-06,0.000545,0.000607,0.000496,0.000555,0.000555,2988
2019-03-07,0.000555,0.000589,0.000477,0.000513,0.000513,1299
2019-03-08,0.000514,0.000605,0.000493,0.000545,0.000545,1384
2019-03-09,0.000545,0.000626,0.000537,0.000544,0.000544,1488
2019-03-10,0.000546,0.000688,0.000543,0.000661,0.000661,1203
2019-03-11,0.000660,0.000701,0.000606,0.000691,0.000691,625
2019-03-12,0.000691,0.000708,0.000595,0.000695,0.000695,79
2019-03-13,0.000694,0.000701,0.000618,0.000655,0.000655,873
2019-03-14,0.000655,0.000677,0.000622,0.000623,0.000623,524
2019-03-15,0.000622,0.000641,0.000571,0.000571,0.000571,6220
2019-03-16,0.000572,0.000602,0.000571,0.000600,0.000600,4453
2019-03-17,0.000600,0.000619,0.000594,0.000617,0.000617,6993
2019-03-18,0.000618,0.000637,0.000595,0.000630,0.000630,13228
2019-03-19,0.000632,0.000641,0.000511,0.000525,0.000525,13301
2019-03-20,0.000525,0.000530,0.000487,0.000500,0.000500,8048
2019-03-21,0.000500,0.000525,0.000485,0.000495,0.000495,2659
2019-03-22,0.000496,0.000519,0.000491,0.000497,0.000497,7071
2019-03-23,0.000497,0.000534,0.000490,0.000499,0.000499,4026
2019-03-24,0.000498,0.000519,0.000488,0.000488,0.000488,7000
2019-03-25,0.000489,0.000496,0.000480,0.000485,0.000485,3454
2019-03-26,0.000486,0.000506,0.000484,0.000503,0.000503,5799
2019-03-27,0.000503,0.000533,0.000497,0.000525,0.000525,5093
2019-03-28,0.000526,0.000536,0.000514,0.000524,0.000524,2403
2019-03-29,0.000523,0.000532,0.000518,0.000527,0.000527,2768
2019-03-30,0.000526,0.000555,0.000521,0.000537,0.000537,6484
2019-03-31,0.000537,0.000544,0.000533,0.000540,0.000540,4832
2019-04-01,0.000539,0.000558,0.000536,0.000555,0.000555,2572
2019-04-02,0.000555,0.000585,0.000526,0.000583,0.000583,10819
2019-04-03,0.000583,0.000642,0.000578,0.000603,0.000603,19170
2019-04-04,0.000601,0.000613,0.000557,0.000559,0.000559,22722
2019-04-05,0.000559,0.000570,0.000508,0.000512,0.000512,41360
2019-04-06,0.000512,0.000520,0.000484,0.000490,0.000490,12092
2019-04-07,0.000490,0.000493,0.000451,0.000465,0.000465,20759
2019-04-08,0.000465,0.000492,0.000451,0.000471,0.000471,20826
2019-04-09,0.000471,0.000471,0.000439,0.000441,0.000441,11832
2019-04-10,0.000441,0.000480,0.000434,0.000469,0.000469,4274
2019-04-11,0.000469,0.000470,0.000422,0.000436,0.000436,14166
2019-04-12,0.000436,0.000455,0.000424,0.000439,0.000439,7260
2019-04-13,0.000439,0.000466,0.000425,0.000440,0.000440,4639
2019-04-14,0.000440,0.000498,0.000435,0.000470,0.000470,4686
2019-04-15,0.000470,0.000486,0.000463,0.000484,0.000484,4083
2019-04-16,0.000484,0.000488,0.000473,0.000476,0.000476,3035
2019-04-17,0.000476,0.000479,0.000423,0.000469,0.000469,3847
2019-04-18,0.000469,0.000495,0.000457,0.000458,0.000458,2653
2019-04-19,0.000459,0.000459,0.000431,0.000435,0.000435,5269
2019-04-20,0.000435,0.000441,0.000417,0.000422,0.000422,5545
2019-04-21,0.000423,0.000425,0.000405,0.000412,0.000412,2584
2019-04-22,0.000412,0.000437,0.000410,0.000430,0.000430,6354
2019-04-23,0.000430,0.000441,0.000411,0.000415,0.000415,3820
2019-04-24,0.000415,0.000450,0.000385,0.000449,0.000449,3011
2019-04-25,0.000449,0.000453,0.000397,0.000407,0.000407,2946
2019-04-26,0.000407,0.000408,0.000370,0.000370,0.000370,3475
2019-04-27,0.000371,0.000386,0.000370,0.000381,0.000381,1492
2019-04-28,0.000381,0.000407,0.000362,0.000366,0.000366,3620
2019-04-29,0.000367,0.000385,0.000359,0.000368,0.000368,2321
2019-04-30,0.000368,0.000390,0.000366,0.000386,0.000386,2496
2019-05-01,0.000386,0.000408,0.000370,0.000379,0.000379,3391
2019-05-02,0.000379,0.000407,0.000351,0.000373,0.000373,3269
2019-05-03,0.000373,0.000373,0.000335,0.000357,0.000357,1255
2019-05-04,0.000368,0.000375,0.000326,0.000329,0.000329,3138
2019-05-05,0.000329,0.000355,0.000315,0.000348,0.000348,3331
2019-05-06,0.000347,0.000377,0.000325,0.000353,0.000353,2016
2019-05-07,0.000353,0.000360,0.000344,0.000344,0.000344,1067
2019-05-08,0.000343,0.000388,0.000322,0.000325,0.000325,1274
2019-05-09,0.000325,0.000359,0.000311,0.000325,0.000325,4670
2019-05-10,0.000325,0.000433,0.000317,0.000373,0.000373,8782
2019-05-11,0.000372,0.000423,0.000372,0.000415,0.000415,5468
2019-05-12,0.000415,0.000416,0.000292,0.000293,0.000293,3635
2019-05-13,0.000293,0.000521,0.000281,0.000337,0.000337,2405
2019-05-14,0.000337,0.000504,0.000305,0.000426,0.000426,5542
2019-05-15,0.000426,0.000534,0.000406,0.000534,0.000534,7625
2019-05-16,0.000535,0.000626,0.000478,0.000481,0.000481,6418
2019-05-17,0.000481,0.000561,0.000396,0.000414,0.000414,5582
2019-05-18,0.000414,0.000540,0.000412,0.000456,0.000456,6732
2019-05-19,0.000456,0.000499,0.000434,0.000494,0.000494,6032
2019-05-20,0.000494,0.000529,0.000428,0.000430,0.000430,3097
2019-05-21,0.000430,0.000520,0.000430,0.000478,0.000478,5169
2019-05-22,0.000478,0.000493,0.000429,0.000430,0.000430,4402
2019-05-23,0.000430,0.000439,0.000381,0.000411,0.000411,6343
2019-05-24,0.000394,0.000435,0.000370,0.000385,0.000385,11033
2019-05-25,0.000385,0.000441,0.000383,0.000384,0.000384,16354
2019-05-26,0.000384,0.000442,0.000382,0.000442,0.000442,9516
2019-05-27,0.000442,0.000466,0.000413,0.000453,0.000453,9802
2019-05-28,0.000453,0.000479,0.000421,0.000477,0.000477,9843
2019-05-29,0.000477,0.000521,0.000436,0.000498,0.000498,15805
2019-05-30,0.000498,0.000535,0.000453,0.000466,0.000466,10163
2019-05-31,0.000466,0.000509,0.000445,0.000507,0.000507,14458
2019-06-01,0.000507,0.000574,0.000472,0.000557,0.000557,24699
2019-06-02,0.000557,0.000577,0.000514,0.000540,0.000540,17947
2019-06-03,0.000540,0.000547,0.000497,0.000500,0.000500,24064
2019-06-04,0.000500,0.000532,0.000472,0.000495,0.000495,61097
2019-06-05,0.000495,0.000519,0.000422,0.000437,0.000437,62946
2019-06-06,0.000443,0.000465,0.000406,0.000453,0.000453,56659
2019-06-07,0.000451,0.000507,0.000430,0.000483,0.000483,90290
2019-06-08,0.000483,0.000493,0.000443,0.000469,0.000469,46713
2019-06-09,0.000469,0.000485,0.000414,0.000431,0.000431,39394
2019-06-10,0.000431,0.000454,0.000405,0.000440,0.000440,70631
2019-06-11,0.000440,0.000440,0.000381,0.000406,0.000406,71086
2019-06-12,0.000406,0.000563,0.000401,0.000537,0.000537,57515
2019-06-13,0.000537,0.000537,0.000473,0.000499,0.000499,75827
2019-06-14,0.000499,0.000526,0.000471,0.000498,0.000498,58392
2019-06-15,0.000498,0.000504,0.000411,0.000455,0.000455,46969
2019-06-16,0.000455,0.000508,0.000435,0.000502,0.000502,30513
2019-06-17,0.000502,0.000513,0.000262,0.000390,0.000390,2212
2019-06-18,0.000390,0.000427,0.000180,0.000315,0.000315,1612
2019-06-19,0.000315,0.000470,0.000162,0.000455,0.000455,4625
2019-06-20,0.000455,0.000478,0.000249,0.000416,0.000416,2661
2019-06-21,0.000416,0.000475,0.000342,0.000417,0.000417,1911
2019-06-22,0.000418,0.000502,0.000321,0.000429,0.000429,1997
2019-06-23,0.000429,0.000505,0.000283,0.000379,0.000379,1735
2019-06-24,0.000379,0.000453,0.000244,0.000409,0.000409,2700
2019-06-25,0.000409,0.000516,0.000321,0.000487,0.000487,2377
2019-06-26,0.000487,0.000539,0.000355,0.000373,0.000373,1765
2019-06-27,0.000373,0.000495,0.000281,0.000313,0.000313,1497
2019-06-28,0.000314,0.000454,0.000287,0.000399,0.000399,2341
2019-06-29,0.000399,0.000456,0.000303,0.000349,0.000349,2103
2019-06-30,0.000349,0.000449,0.000294,0.000369,0.000369,2120
2019-07-01,0.000369,0.000419,0.000254,0.000369,0.000369,2532
2019-07-02,0.000369,0.000401,0.000264,0.000355,0.000355,2694
2019-07-03,0.000355,0.000402,0.000279,0.000332,0.000332,2155
2019-07-04,0.000332,0.000393,0.000279,0.000291,0.000291,1928
2019-07-05,0.000291,0.000362,0.000232,0.000276,0.000276,1832
2019-07-06,0.000275,0.000287,0.000145,0.000147,0.000147,361
2019-07-07,0.000147,0.000215,0.000142,0.000173,0.000173,12
2019-07-08,0.000173,0.000346,0.000119,0.000330,0.000330,585
2019-07-09,0.000330,0.000342,0.000302,0.000306,0.000306,627
2019-07-10,0.000306,0.000365,0.000237,0.000337,0.000337,180
2019-07-11,0.000338,0.000356,0.000179,0.000181,0.000181,452
2019-07-12,0.000181,0.000317,0.000181,0.000292,0.000292,1129
2019-07-13,0.000292,0.001009,0.000292,0.001009,0.001009,13286
2019-07-14,0.001009,0.001013,0.000865,0.000949,0.000949,7355
2019-07-15,0.000949,0.001642,0.000909,0.001618,0.001618,47734
2019-07-16,0.001616,0.001734,0.001518,0.001637,0.001637,53998
2019-07-17,0.001632,0.001765,0.001604,0.001654,0.001654,33572
2019-07-18,0.001654,0.001798,0.001142,0.001708,0.001708,17089
2019-07-19,0.001708,0.001713,0.001270,0.001350,0.001350,0
2019-07-20,0.001323,0.003421,0.000988,0.003200,0.003200,46
2019-07-21,0.003200,0.003211,0.000948,0.001133,0.001133,0
2019-07-22,0.001133,0.001138,0.000282,0.000283,0.000283,3
2019-07-23,0.000283,0.001549,0.000280,0.001205,0.001205,19050
2019-07-24,0.001205,0.001286,0.001164,0.001283,0.001283,15157
2019-07-25,0.001282,0.001326,0.000737,0.001089,0.001089,30608
2019-07-26,0.001089,0.001292,0.001067,0.001292,0.001292,29176
2019-07-27,0.001292,0.001316,0.001163,0.001169,0.001169,3270
2019-07-28,0.001169,0.001238,0.000629,0.001190,0.001190,416
2019-07-29,0.001191,0.001246,0.000788,0.001188,0.001188,278
2019-07-30,0.001188,0.001261,0.001170,0.001248,0.001248,197
2019-07-31,0.001248,0.001426,0.001248,0.001426,0.001426,42487
2019-08-01,0.001427,0.001464,0.001401,0.001457,0.001457,24626
2019-08-02,0.001457,0.001495,0.001432,0.001445,0.001445,16740
2019-08-03,0.001446,0.001520,0.001054,0.001514,0.001514,22358
2019-08-04,0.001514,0.001534,0.001485,0.001524,0.001524,8322
2019-08-05,0.001524,0.001656,0.001523,0.001655,0.001655,17659
2019-08-06,0.001654,0.001720,0.001453,0.001475,0.001475,8568
2019-08-07,0.001475,0.001535,0.001200,0.001428,0.001428,22560
2019-08-08,0.001428,0.001431,0.001380,0.001422,0.001422,14420
2019-08-09,0.001422,0.001423,0.001375,0.001403,0.001403,16620
2019-08-10,0.001403,0.001486,0.001347,0.001475,0.001475,1702
2019-08-11,0.001475,0.001484,0.001314,0.001348,0.001348,7706
2019-08-12,0.001348,0.001354,0.001318,0.001354,0.001354,20002
2019-08-13,0.001354,0.001356,0.000356,0.001314,0.001314,25826
2019-08-14,0.001313,0.001319,0.001222,0.001294,0.001294,14406
2019-08-15,0.001294,0.001351,0.000987,0.001336,0.001336,13210
2019-08-16,0.001336,0.001348,0.001147,0.001209,0.001209,2944
2019-08-17,0.001209,0.001217,0.001109,0.001131,0.001131,1292
2019-08-18,0.001132,0.001216,0.000907,0.001200,0.001200,162
2019-08-19,0.001200,0.001246,0.001185,0.001210,0.001210,3214
2019-08-20,0.001210,0.001212,0.000702,0.000703,0.000703,0
2019-08-21,0.000704,0.000991,0.000679,0.000936,0.000936,0
2019-08-22,0.000935,0.001360,0.000787,0.001339,0.001339,0
2019-08-23,0.001339,0.001345,0.000759,0.000824,0.000824,0
2019-08-24,0.000822,0.000861,0.000762,0.000767,0.000767,0
2019-08-25,0.000767,0.000789,0.000674,0.000760,0.000760,0
2019-08-26,0.000758,0.000773,0.000707,0.000742,0.000742,0
2019-08-27,0.000742,0.000760,0.000677,0.000689,0.000689,0
2019-08-28,0.000691,0.000712,0.000582,0.000590,0.000590,0
2019-08-29,0.000591,0.000631,0.000552,0.000631,0.000631,0
2019-08-30,0.000631,0.000659,0.000496,0.000537,0.000537,0
2019-08-31,0.000537,0.000537,0.000500,0.000511,0.000511,0
2019-09-01,0.000510,0.000520,0.000500,0.000504,0.000504,0
2019-09-02,0.000504,0.000512,0.000492,0.000510,0.000510,0
2019-09-03,0.000510,0.000560,0.000237,0.000543,0.000543,0
2019-09-04,0.000542,0.001076,0.000367,0.001059,0.001059,2118
2019-09-05,0.001059,0.001165,0.000528,0.001076,0.001076,3101
2019-09-06,0.001076,0.001130,0.000306,0.000306,0.000306,0
2019-09-07,0.000306,0.000352,0.000306,0.000327,0.000327,0
2019-09-08,0.000328,0.000338,0.000309,0.000319,0.000319,0
2019-09-09,0.000319,0.001040,0.000304,0.001033,0.001033,145
2019-09-10,0.001033,0.001039,0.000351,0.000781,0.000781,165
2019-09-11,0.000781,0.000789,0.000264,0.000784,0.000784,165
2019-09-12,0.000784,0.000802,0.000269,0.000800,0.000800,169
2019-09-13,0.000800,0.000802,0.000283,0.000797,0.000797,168
2019-09-14,0.000796,0.000801,0.000300,0.000409,0.000409,0
2019-09-15,0.000409,0.000805,0.000291,0.000804,0.000804,170
2019-09-16,0.000804,0.000812,0.000767,0.000790,0.000790,50
2019-09-17,0.000790,0.000807,0.000367,0.000684,0.000684,142
2019-09-18,0.000684,0.000692,0.000102,0.000592,0.000592,177
2019-09-19,0.000593,0.000623,0.000575,0.000609,0.000609,114
2019-09-20,0.000607,0.000609,0.000593,0.000599,0.000599,112
2019-09-21,0.000599,0.000606,0.000389,0.000390,0.000390,0
2019-09-22,0.000391,0.000459,0.000368,0.000388,0.000388,0
2019-09-23,0.000390,0.000576,0.000370,0.000559,0.000559,106
2019-09-24,0.000559,0.000563,0.000457,0.000471,0.000471,91
2019-09-25,0.000471,0.000487,0.000461,0.000476,0.000476,91
2019-09-26,0.000476,0.000478,0.000315,0.000324,0.000324,49
2019-09-27,0.000324,0.000454,0.000320,0.000452,0.000452,87
2019-09-28,0.000452,0.000454,0.000369,0.000418,0.000418,0
2019-09-29,0.000418,0.000443,0.000407,0.000414,0.000414,0
2019-09-30,0.000414,0.000476,0.000303,0.000307,0.000307,55
2019-10-01,0.000307,0.000477,0.000305,0.000468,0.000468,90
2019-10-02,0.000468,0.000476,0.000463,0.000475,0.000475,91
2019-10-03,0.000476,0.000476,0.000456,0.000463,0.000463,89
2019-10-04,0.000463,0.000493,0.000458,0.000466,0.000466,89
2019-10-05,0.000466,0.000480,0.000452,0.000454,0.000454,0
2019-10-06,0.000454,0.000477,0.000435,0.000477,0.000477,0
2019-10-07,0.000458,0.000505,0.000448,0.000454,0.000454,88
2019-10-08,0.000454,0.000479,0.000450,0.000456,0.000456,88
2019-10-09,0.000456,0.000484,0.000452,0.000482,0.000482,92
2019-10-10,0.000482,0.000484,0.000357,0.000479,0.000479,92
2019-10-11,0.000479,0.000487,0.000457,0.000458,0.000458,88
2019-10-12,0.000458,0.000466,0.000380,0.000381,0.000381,0
2019-10-13,0.000381,0.000455,0.000379,0.000447,0.000447,87
2019-10-14,0.000447,0.000452,0.000409,0.000447,0.000447,87
2019-10-15,0.000447,0.000449,0.000415,0.000435,0.000435,85
2019-10-16,0.000435,0.000435,0.000419,0.000423,0.000423,83
2019-10-17,0.000423,0.000429,0.000376,0.000427,0.000427,84
2019-10-18,0.000427,0.000428,0.000355,0.000418,0.000418,82
2019-10-19,0.000418,0.000423,0.000382,0.000383,0.000383,78
2019-10-20,0.000383,0.000394,0.000380,0.000391,0.000391,80
2019-10-21,0.000391,0.000416,0.000303,0.000327,0.000327,64
2019-10-22,0.000328,0.000417,0.000280,0.000280,0.000280,58
2019-10-23,0.000280,0.000280,0.000257,0.000262,0.000262,54
2019-10-24,0.000262,0.000264,0.000260,0.000262,0.000262,54
2019-10-25,0.000262,0.000345,0.000262,0.000298,0.000298,62
2019-10-26,0.000298,0.000334,0.000298,0.000332,0.000332,0
2019-10-27,0.000332,0.000341,0.000323,0.000335,0.000335,0
2019-10-28,0.000336,0.000349,0.000306,0.000309,0.000309,64
2019-10-29,0.000308,0.000320,0.000308,0.000318,0.000318,66
2019-10-30,0.000318,0.000379,0.000305,0.000309,0.000309,64
2019-10-31,0.000309,0.000366,0.000308,0.000313,0.000313,70
2019-11-01,0.000313,0.000313,0.000300,0.000304,0.000304,64
2019-11-02,0.000304,0.000521,0.000303,0.000306,0.000306,64
2019-11-03,0.000306,0.000307,0.000299,0.000303,0.000303,63
2019-11-04,0.000303,0.000382,0.000302,0.000308,0.000308,65
2019-11-05,0.000308,0.000471,0.000304,0.000310,0.000310,65
2019-11-06,0.000309,0.000617,0.000309,0.000368,0.000368,7
2019-11-07,0.000368,0.000368,0.000306,0.000306,0.000306,64
2019-11-08,0.000306,0.000461,0.000300,0.000302,0.000302,62
2019-11-09,0.000302,0.000535,0.000302,0.000303,0.000303,63
2019-11-10,0.000303,0.000608,0.000303,0.000311,0.000311,64
2019-11-11,0.000311,0.000636,0.000294,0.000320,0.000320,112
2019-11-12,0.000320,0.000348,0.000319,0.000327,0.000327,77
2019-11-13,0.000327,0.000328,0.000305,0.000306,0.000306,63
2019-11-14,0.000306,0.000576,0.000301,0.000302,0.000302,62
2019-11-15,0.000302,0.000579,0.000259,0.000294,0.000294,61
2019-11-16,0.000312,0.000317,0.000307,0.000316,0.000316,84
2019-11-17,0.000316,0.000579,0.000296,0.000299,0.000299,62
2019-11-18,0.000299,0.000542,0.000289,0.000540,0.000540,0
2019-11-19,0.000540,0.000549,0.000283,0.000287,0.000287,59
2019-11-20,0.000287,0.000423,0.000280,0.000281,0.000281,112
2019-11-21,0.000281,0.000282,0.000261,0.000264,0.000264,54
2019-11-22,0.000264,0.000344,0.000238,0.000248,0.000248,51
2019-11-23,0.000248,0.000393,0.000244,0.000249,0.000249,52
2019-11-24,0.000249,0.000405,0.000238,0.000398,0.000398,0
2019-11-25,0.000397,0.000403,0.000224,0.000239,0.000239,50
2019-11-26,0.000239,0.000410,0.000237,0.000242,0.000242,50
2019-11-27,0.000241,0.000254,0.000233,0.000251,0.000251,52
2019-11-28,0.000251,0.000419,0.000248,0.000248,0.000248,52
2019-11-29,0.000248,0.000452,0.000248,0.000257,0.000257,54
2019-11-30,0.000257,0.000462,0.000250,0.000462,0.000462,0
2019-12-01,0.000463,0.000467,0.000419,0.000441,0.000441,0
2019-12-02,0.000441,0.000441,0.000241,0.000244,0.000244,51
2019-12-03,0.000244,0.000386,0.000241,0.000243,0.000243,51
2019-12-04,0.000243,0.000344,0.000238,0.000241,0.000241,50
2019-12-05,0.000241,0.000381,0.000240,0.000247,0.000247,51
2019-12-06,0.000247,0.000289,0.000244,0.000254,0.000254,55
2019-12-07,0.000254,0.000387,0.000251,0.000356,0.000356,0
2019-12-08,0.000356,0.000398,0.000347,0.000368,0.000368,0
2019-12-09,0.000367,0.000369,0.000247,0.000248,0.000248,52
2019-12-10,0.000248,0.000363,0.000243,0.000245,0.000245,51
2019-12-11,0.000245,0.000332,0.000241,0.000242,0.000242,50
2019-12-12,0.000242,0.000244,0.000239,0.000244,0.000244,51
2019-12-13,0.000244,0.000414,0.000242,0.000243,0.000243,51
2019-12-14,0.000243,0.000372,0.000240,0.000344,0.000344,0
2019-12-15,0.000344,0.000348,0.000236,0.000240,0.000240,50
2019-12-16,0.000240,0.000287,0.000227,0.000228,0.000228,48
2019-12-17,0.000228,0.000330,0.000213,0.000214,0.000214,45
2019-12-18,0.000214,0.000337,0.000210,0.000337,0.000337,0
2019-12-19,0.000337,0.000340,0.000225,0.000230,0.000230,48
2019-12-20,0.000230,0.000231,0.000228,0.000230,0.000230,48
2019-12-21,0.000230,0.000353,0.000229,0.000229,0.000229,48
2019-12-22,0.000229,0.000238,0.000229,0.000238,0.000238,50
2019-12-23,0.000238,0.000338,0.000231,0.000233,0.000233,49
2019-12-24,0.000233,0.000336,0.000231,0.000232,0.000232,49
2019-12-25,0.000232,0.000318,0.000228,0.000307,0.000307,0
2019-12-26,0.000308,0.000738,0.000227,0.000736,0.000736,143
2019-12-27,0.000736,0.000740,0.000217,0.000226,0.000226,77
2019-12-28,0.000226,0.000234,0.000226,0.000232,0.000232,49
2019-12-29,0.000232,0.000297,0.000231,0.000277,0.000277,0
2019-12-30,0.000277,0.000277,0.000233,0.000234,0.000234,49
2019-12-31,0.000234,0.000326,0.000233,0.000248,0.000248,0
2020-01-01,0.000248,0.000324,0.000238,0.000321,0.000321,0
2020-01-02,0.000321,0.000322,0.000224,0.000225,0.000225,47
2020-01-03,0.000225,0.000323,0.000223,0.000236,0.000236,50
2020-01-04,0.000236,0.000255,0.000235,0.000254,0.000254,0
2020-01-05,0.000254,0.000311,0.000238,0.000239,0.000239,50
2020-01-06,0.000239,0.000337,0.000239,0.000252,0.000252,53
2020-01-07,0.000252,0.000343,0.000252,0.000340,0.000340,0
2020-01-08,0.000340,0.000342,0.000251,0.000255,0.000255,54
2020-01-09,0.000255,0.000334,0.000247,0.000250,0.000250,53
2020-01-10,0.000250,0.000321,0.000245,0.000259,0.000259,55
2020-01-11,0.000258,0.000262,0.000256,0.000256,0.000256,54
2020-01-12,0.000256,0.000329,0.000220,0.000327,0.000327,0
2020-01-13,0.000327,0.000328,0.000257,0.000259,0.000259,55
2020-01-14,0.000259,0.000335,0.000259,0.000288,0.000288,60
2020-01-15,0.000288,0.000330,0.000263,0.000275,0.000275,140
2020-01-16,0.000275,0.000285,0.000263,0.000268,0.000268,0
2020-01-17,0.000268,0.000314,0.000263,0.000301,0.000301,0
2020-01-18,0.000301,0.000322,0.000284,0.000304,0.000304,0
2020-01-19,0.000304,0.000327,0.000293,0.000299,0.000299,0
2020-01-20,0.000299,0.000322,0.000285,0.000285,0.000285,60
2020-01-21,0.000285,0.000319,0.000259,0.000312,0.000312,0
2020-01-22,0.000312,0.000408,0.000300,0.000300,0.000300,0
2020-01-23,0.000300,0.000306,0.000275,0.000278,0.000278,58
2020-01-24,0.000278,0.000369,0.000188,0.000237,0.000237,0
2020-01-25,0.000189,0.000349,0.000185,0.000339,0.000339,0
2020-01-26,0.000338,0.000362,0.000336,0.000359,0.000359,0
2020-01-27,0.000359,0.000364,0.000285,0.000293,0.000293,61
2020-01-28,0.000293,0.000355,0.000242,0.000253,0.000253,0
2020-01-29,0.000253,0.000331,0.000239,0.000250,0.000250,0
2020-01-30,0.000250,0.000317,0.000244,0.000315,0.000315,66
2020-01-31,0.000315,0.000315,0.000214,0.000308,0.000308,0
2020-02-01,0.000308,0.000313,0.000226,0.000230,0.000230,0
2020-02-02,0.000227,0.000319,0.000224,0.000310,0.000310,0
2020-02-03,0.000310,0.000320,0.000212,0.000220,0.000220,0
2020-02-04,0.000213,0.000314,0.000207,0.000313,0.000313,65
2020-02-05,0.000313,0.000320,0.000226,0.000227,0.000227,0
2020-02-06,0.000227,0.000343,0.000174,0.000342,0.000342,70
2020-02-07,0.000342,0.000353,0.000185,0.000222,0.000222,0
2020-02-08,0.000222,0.000314,0.000219,0.000283,0.000283,0
2020-02-09,0.000283,0.000318,0.000247,0.000260,0.000260,0
2020-02-10,0.000260,0.000355,0.000245,0.000354,0.000354,72
2020-02-11,0.000354,0.000371,0.000232,0.000371,0.000371,75
2020-02-12,0.000371,0.000410,0.000371,0.000402,0.000402,80
2020-02-13,0.000402,0.000411,0.000393,0.000403,0.000403,79
2020-02-14,0.000403,0.000464,0.000318,0.000393,0.000393,0
2020-02-15,0.000393,0.000426,0.000351,0.000371,0.000371,0
2020-02-16,0.000357,0.000523,0.000353,0.000453,0.000453,0
2020-02-17,0.000451,0.000464,0.000338,0.000395,0.000395,77
2020-02-18,0.000395,0.000418,0.000389,0.000417,0.000417,81
2020-02-19,0.000417,0.000419,0.000387,0.000388,0.000388,76
2020-02-20,0.000387,0.000403,0.000377,0.000385,0.000385,75
2020-02-21,0.000385,0.000443,0.000382,0.000432,0.000432,0
2020-02-22,0.000432,0.000435,0.000379,0.000381,0.000381,0
2020-02-23,0.000381,0.000439,0.000379,0.000405,0.000405,0
2020-02-24,0.000404,0.000429,0.000380,0.000388,0.000388,0
2020-02-25,0.000389,0.000416,0.000294,0.000366,0.000366,0
2020-02-26,0.000366,0.000387,0.000266,0.000386,0.000386,0
2020-02-27,0.000385,0.000385,0.000272,0.000296,0.000296,0
2020-02-28,0.000293,0.000396,0.000281,0.000355,0.000355,0
2020-02-29,0.000355,0.000362,0.000272,0.000349,0.000349,0
2020-03-01,0.000310,0.000356,0.000271,0.000342,0.000342,0
2020-03-02,0.000342,0.000350,0.000336,0.000347,0.000347,68
2020-03-03,0.000347,0.000350,0.000308,0.000340,0.000340,67
2020-03-04,0.000340,0.000344,0.000305,0.000340,0.000340,67
2020-03-05,0.000340,0.000355,0.000257,0.000257,0.000257,0
2020-03-06,0.000257,0.000274,0.000245,0.000273,0.000273,0
2020-03-07,0.000274,0.000274,0.000193,0.000248,0.000248,0
2020-03-08,0.000248,0.000270,0.000190,0.000240,0.000240,0
2020-03-09,0.000239,0.000270,0.000190,0.000243,0.000243,0
2020-03-10,0.000243,0.000320,0.000180,0.000305,0.000305,60
2020-03-11,0.000305,0.000307,0.000227,0.000278,0.000278,0
2020-03-12,0.000278,0.000283,0.000194,0.000197,0.000197,0
2020-03-13,0.000196,0.000238,0.000169,0.000202,0.000202,0
2020-03-14,0.000202,0.000233,0.000180,0.000231,0.000231,0
2020-03-15,0.000231,0.000233,0.000186,0.000211,0.000211,0
2020-03-16,0.000211,0.000211,0.000170,0.000177,0.000177,36
2020-03-17,0.000177,0.000210,0.000173,0.000181,0.000181,0
2020-03-18,0.000180,0.000203,0.000129,0.000150,0.000150,0
2020-03-19,0.000150,0.000225,0.000149,0.000219,0.000219,45
2020-03-20,0.000219,0.000234,0.000160,0.000172,0.000172,0
2020-03-21,0.000172,0.000217,0.000142,0.000214,0.000214,0
2020-03-22,0.000216,0.000221,0.000156,0.000166,0.000166,0
2020-03-23,0.000166,0.000194,0.000155,0.000170,0.000170,0
2020-03-24,0.000171,0.000204,0.000166,0.000202,0.000202,37
2020-03-25,0.000202,0.000207,0.000177,0.000187,0.000187,0
2020-03-26,0.000187,0.000208,0.000187,0.000197,0.000197,0
2020-03-27,0.000197,0.000228,0.000183,0.000221,0.000221,46
2020-03-28,0.000221,0.000221,0.000166,0.000180,0.000180,0
2020-03-29,0.000180,0.000180,0.000145,0.000145,0.000145,0
2020-03-30,0.000145,0.000184,0.000138,0.000172,0.000172,0
2020-03-31,0.000172,0.000184,0.000167,0.000172,0.000172,0
2020-04-01,0.000172,0.000175,0.000161,0.000175,0.000175,0
2020-04-02,0.000175,0.000238,0.000155,0.000220,0.000220,0
2020-04-03,0.000220,0.000227,0.000170,0.000218,0.000218,0
2020-04-04,0.000217,0.000218,0.000185,0.000200,0.000200,0
2020-04-05,0.000200,0.000224,0.000199,0.000224,0.000224,0
2020-04-06,0.000224,0.000247,0.000211,0.000247,0.000247,86
2020-04-07,0.000247,0.000269,0.000213,0.000260,0.000260,53
2020-04-08,0.000260,0.000270,0.000216,0.000222,0.000222,0
2020-04-09,0.000222,0.000269,0.000220,0.000267,0.000267,54
2020-04-10,0.000267,0.000267,0.000198,0.000249,0.000249,51
2020-04-11,0.000249,0.000253,0.000192,0.000197,0.000197,0
2020-04-12,0.000197,0.000205,0.000195,0.000199,0.000199,0
2020-04-13,0.000199,0.000249,0.000186,0.000247,0.000247,50
2020-04-14,0.000247,0.000253,0.000195,0.000248,0.000248,50
2020-04-15,0.000248,0.000252,0.000191,0.000241,0.000241,49
2020-04-16,0.000241,0.000848,0.000237,0.000275,0.000275,60
2020-04-17,0.000275,0.000275,0.000201,0.000265,0.000265,106
2020-04-18,0.000265,0.001128,0.000190,0.001122,0.001122,17
2020-04-19,0.001122,0.001129,0.000193,0.000199,0.000199,0
2020-04-20,0.000199,0.000276,0.000193,0.000263,0.000263,52
2020-04-21,0.000263,0.000266,0.000194,0.000263,0.000263,52
2020-04-22,0.000263,0.000278,0.000201,0.000276,0.000276,109
2020-04-23,0.000276,0.000287,0.000274,0.000283,0.000283,56
2020-04-24,0.000283,0.000290,0.000206,0.000289,0.000289,57
2020-04-25,0.000289,0.000297,0.000257,0.000259,0.000259,0
2020-04-26,0.000258,0.000263,0.000237,0.000239,0.000239,0
2020-04-27,0.000239,0.000300,0.000232,0.000300,0.000300,60
2020-04-28,0.000300,0.000301,0.000253,0.000301,0.000301,60
2020-04-29,0.000301,0.000334,0.000210,0.000333,0.000333,66
2020-04-30,0.000333,0.000352,0.000204,0.000321,0.000321,65
2020-05-01,0.000321,0.000334,0.000227,0.000234,0.000234,0
2020-05-02,0.000234,0.000244,0.000231,0.000241,0.000241,0
2020-05-03,0.000242,0.000245,0.000223,0.000225,0.000225,0
2020-05-04,0.000225,0.000328,0.000212,0.000326,0.000326,66
2020-05-05,0.000326,0.000331,0.000225,0.000325,0.000325,66
2020-05-06,0.000325,0.000335,0.000229,0.000327,0.000327,67
2020-05-07,0.000327,0.000331,0.000203,0.000207,0.000207,0
2020-05-08,0.000207,0.000349,0.000205,0.000344,0.000344,71
2020-05-09,0.000344,0.000347,0.000217,0.000234,0.000234,0
2020-05-10,0.000234,0.000234,0.000203,0.000214,0.000214,0
2020-05-11,0.000214,0.000217,0.000204,0.000209,0.000209,0
2020-05-12,0.000209,0.000311,0.000208,0.000307,0.000307,63
2020-05-13,0.000307,0.000310,0.000264,0.000270,0.000270,0
2020-05-14,0.000270,0.000335,0.000267,0.000334,0.000334,69
2020-05-15,0.000333,0.000334,0.000215,0.000216,0.000216,0
2020-05-16,0.000216,0.000219,0.000214,0.000218,0.000218,0
2020-05-17,0.000217,0.000243,0.000217,0.000236,0.000236,0
2020-05-18,0.000236,0.000344,0.000225,0.000344,0.000344,70
2020-05-19,0.000344,0.000344,0.000208,0.000343,0.000343,70
2020-05-20,0.000343,0.000345,0.000224,0.000336,0.000336,69
2020-05-21,0.000337,0.000338,0.000210,0.000217,0.000217,0
2020-05-22,0.000217,0.000330,0.000207,0.000329,0.000329,67
2020-05-23,0.000329,0.000333,0.000216,0.000219,0.000219,0
2020-05-24,0.000219,0.000220,0.000210,0.000210,0.000210,0
2020-05-25,0.000210,0.000214,0.000206,0.000214,0.000214,0
2020-05-26,0.000214,0.000323,0.000212,0.000319,0.000319,65
2020-05-27,0.000319,0.000330,0.000302,0.000330,0.000330,67
2020-05-28,0.000330,0.000331,0.000205,0.000214,0.000214,0
2020-05-29,0.000214,0.000234,0.000202,0.000215,0.000215,0
2020-05-30,0.000215,0.000230,0.000213,0.000230,0.000230,0
2020-05-31,0.000230,0.000366,0.000222,0.000356,0.000356,71
2020-06-01,0.000356,0.000382,0.000231,0.000380,0.000380,76
2020-06-02,0.000381,0.000385,0.000358,0.000363,0.000363,72
2020-06-03,0.000363,0.000555,0.000360,0.000555,0.000555,109
2020-06-04,0.000556,0.000560,0.000362,0.000373,0.000373,74
2020-06-05,0.000373,0.000377,0.000368,0.000368,0.000368,73
2020-06-06,0.000368,0.000371,0.000366,0.000371,0.000371,0
2020-06-07,0.000371,0.000371,0.000371,0.000371,0.000371,0
2020-06-08,0.000371,0.000371,0.000371,0.000371,0.000371,0
2020-06-09,0.000371,0.000375,0.000369,0.000374,0.000374,74
2020-06-10,0.000374,0.000375,0.000372,0.000373,0.000373,0
2020-06-11,0.000373,0.000373,0.000373,0.000373,0.000373,0
2020-06-12,0.000373,0.000373,0.000373,0.000373,0.000373,0
2020-06-13,0.000373,0.000373,0.000373,0.000373,0.000373,0
2020-06-14,0.000373,0.000373,0.000373,0.000373,0.000373,0
2020-06-15,0.000373,0.000373,0.000373,0.000373,0.000373,0
2020-06-16,0.000373,0.000373,0.000357,0.000360,0.000360,72
2020-06-17,0.000360,0.000360,0.000355,0.000357,0.000357,0
2020-06-18,0.000357,0.000357,0.000357,0.000357,0.000357,0
2020-06-19,0.000357,0.000357,0.000357,0.000357,0.000357,0
2020-06-20,0.000357,0.000357,0.000357,0.000357,0.000357,0
2020-06-21,0.000357,0.000357,0.000357,0.000357,0.000357,0
2020-06-22,0.000357,0.000357,0.000357,0.000357,0.000357,0
2020-06-23,0.000357,0.000357,0.000357,0.000357,0.000357,0
2020-06-24,0.000357,0.000357,0.000357,0.000357,0.000357,0
2020-06-25,0.000357,0.000357,0.000357,0.000357,0.000357,0
2020-06-26,0.000357,0.000357,0.000357,0.000357,0.000357,0
2020-06-27,0.000357,0.000357,0.000357,0.000357,0.000357,0
2020-06-28,0.000357,0.000357,0.000357,0.000357,0.000357,0
2020-06-29,0.000357,0.000357,0.000357,0.000357,0.000357,0
2020-06-30,0.000357,0.000357,0.000357,0.000357,0.000357,0
2020-07-01,0.000357,0.000357,0.000357,0.000357,0.000357,0
2020-07-02,0.000357,0.000357,0.000357,0.000357,0.000357,0
2020-07-03,0.000357,0.000357,0.000357,0.000357,0.000357,0
2020-07-04,0.000357,0.000357,0.000357,0.000357,0.000357,0
2020-07-05,0.000357,0.000357,0.000357,0.000357,0.000357,0
2020-07-06,0.000357,0.000357,0.000357,0.000357,0.000357,0
2020-07-07,0.000357,0.000357,0.000357,0.000357,0.000357,0
2020-07-08,0.000357,0.000357,0.000357,0.000357,0.000357,0
2020-07-09,0.000357,0.000357,0.000357,0.000357,0.000357,0
2020-07-10,0.000357,0.000357,0.000357,0.000357,0.000357,0
2020-07-11,0.000357,0.000357,0.000357,0.000357,0.000357,0
2020-07-12,0.000357,0.000357,0.000357,0.000357,0.000357,0
2020-07-13,0.000357,0.000357,0.000357,0.000357,0.000357,0
2020-07-14,0.000357,0.000357,0.000357,0.000357,0.000357,0
2020-07-15,0.000357,0.000357,0.000357,0.000357,0.000357,0
2020-07-16,0.000357,0.000357,0.000357,0.000357,0.000357,0
2020-07-17,0.000357,0.000357,0.000357,0.000357,0.000357,0
2020-07-18,0.000357,0.000357,0.000357,0.000357,0.000357,0
2020-07-19,0.000357,0.000357,0.000357,0.000357,0.000357,0
2020-07-20,0.000357,0.000357,0.000357,0.000357,0.000357,0
2020-07-21,0.000357,0.000357,0.000357,0.000357,0.000357,0
2020-07-22,0.000357,0.000357,0.000357,0.000357,0.000357,0
2020-07-23,0.000357,0.000357,0.000357,0.000357,0.000357,0
2020-07-24,0.000357,0.000357,0.000357,0.000357,0.000357,0
2020-07-25,0.000357,0.000357,0.000357,0.000357,0.000357,0
2020-07-26,0.000357,0.000357,0.000357,0.000357,0.000357,0
2020-07-27,0.000357,0.000357,0.000357,0.000357,0.000357,0
2020-07-28,0.000357,0.000357,0.000357,0.000357,0.000357,0
2020-07-29,0.000357,0.000357,0.000357,0.000357,0.000357,0
2020-07-30,0.000357,0.000357,0.000357,0.000357,0.000357,0
2020-07-31,0.000357,0.000357,0.000357,0.000357,0.000357,0
2020-08-01,0.000357,0.000357,0.000357,0.000357,0.000357,0
2020-08-02,0.000357,0.000357,0.000357,0.000357,0.000357,0
2020-08-03,0.000357,0.000357,0.000357,0.000357,0.000357,0
2020-08-04,0.000357,0.000357,0.000357,0.000357,0.000357,0
2020-08-05,0.000357,0.000357,0.000357,0.000357,0.000357,0
2020-08-06,0.000357,0.000357,0.000357,0.000357,0.000357,0
2020-08-07,0.000357,0.000357,0.000357,0.000357,0.000357,0
2020-08-08,0.000357,0.000357,0.000357,0.000357,0.000357,0
2020-08-09,0.000357,0.000357,0.000357,0.000357,0.000357,0
2020-08-10,0.000357,0.000357,0.000357,0.000357,0.000357,0
2020-08-11,0.000357,0.000357,0.000357,0.000357,0.000357,0
2020-08-12,0.000357,0.000357,0.000357,0.000357,0.000357,0
2020-08-13,0.000357,0.000357,0.000357,0.000357,0.000357,0
2020-08-14,0.000357,0.000357,0.000357,0.000357,0.000357,0
2020-08-15,0.000357,0.000357,0.000357,0.000357,0.000357,0
2020-08-16,0.000357,0.000357,0.000357,0.000357,0.000357,0
2020-08-17,0.000357,0.000357,0.000357,0.000357,0.000357,0
2020-08-18,0.000357,0.000357,0.000357,0.000357,0.000357,0
2020-08-19,0.000357,0.000357,0.000357,0.000357,0.000357,0
2020-08-20,0.000357,0.000357,0.000357,0.000357,0.000357,0
2020-08-21,0.000357,0.000357,0.000357,0.000357,0.000357,0
2020-08-22,0.000357,0.000357,0.000357,0.000357,0.000357,0
2020-08-23,0.000357,0.000357,0.000357,0.000357,0.000357,0
2020-08-24,0.000357,0.000357,0.000357,0.000357,0.000357,0
2020-08-25,0.000357,0.000357,0.000357,0.000357,0.000357,0
2020-08-26,0.000357,0.000357,0.000357,0.000357,0.000357,0
2020-08-27,0.000357,0.000357,0.000357,0.000357,0.000357,0
2020-08-28,0.000357,0.000357,0.000357,0.000357,0.000357,0
2020-08-29,0.000357,0.000357,0.000357,0.000357,0.000357,0
2020-08-30,0.000357,0.000357,0.000357,0.000357,0.000357,0
2020-08-31,0.000357,0.000357,0.000357,0.000357,0.000357,0
2020-09-01,0.000357,0.000357,0.000357,0.000357,0.000357,0
2020-09-02,0.000357,0.000357,0.000357,0.000357,0.000357,0
2020-09-03,0.000357,0.000357,0.000357,0.000357,0.000357,0
2020-09-04,0.000357,0.000357,0.000357,0.000357,0.000357,0
2020-09-05,0.000357,0.000357,0.000357,0.000357,0.000357,0
2020-09-06,0.000357,0.000357,0.000357,0.000357,0.000357,0
2020-09-07,0.000357,0.000357,0.000357,0.000357,0.000357,0
2020-09-08,0.000357,0.000357,0.000357,0.000357,0.000357,0
2020-09-09,0.000357,0.000357,0.000357,0.000357,0.000357,0
2020-09-10,0.000357,0.000357,0.000357,0.000357,0.000357,0
2020-09-11,0.000357,0.000357,0.000357,0.000357,0.000357,0
2020-09-12,0.000357,0.000357,0.000357,0.000357,0.000357,0
2020-09-13,0.000357,0.000357,0.000357,0.000357,0.000357,0
2020-09-14,0.000357,0.000357,0.000357,0.000357,0.000357,0
2020-09-15,0.000357,0.000357,0.000357,0.000357,0.000357,0
2020-09-16,0.000357,0.000357,0.000357,0.000357,0.000357,0
2020-09-17,0.000357,0.000357,0.000357,0.000357,0.000357,0
2020-09-18,0.000357,0.000357,0.000357,0.000357,0.000357,0
2020-09-19,0.000357,0.000357,0.000357,0.000357,0.000357,0
2020-09-20,0.000357,0.000357,0.000357,0.000357,0.000357,0
2020-09-21,0.000357,0.000357,0.000357,0.000357,0.000357,0
2020-09-22,0.000357,0.000357,0.000357,0.000357,0.000357,0
2020-09-23,null,null,null,null,null,null
2020-09-24,null,null,null,null,null,null
2020-09-25,null,null,null,null,null,null
2020-09-26,null,null,null,null,null,null
2020-09-27,null,null,null,null,null,null
2020-09-28,null,null,null,null,null,null
2020-09-29,null,null,null,null,null,null
2020-09-30,null,null,null,null,null,null
2020-10-01,null,null,null,null,null,null
2020-10-02,null,null,null,null,null,null
2020-10-03,null,null,null,null,null,null
2020-10-04,null,null,null,null,null,null
2020-10-05,null,null,null,null,null,null
2020-10-06,null,null,null,null,null,null
2020-10-07,null,null,null,null,null,null
2020-10-08,null,null,null,null,null,null
2020-10-09,null,null,null,null,null,null
2020-10-10,null,null,null,null,null,null
2020-10-11,null,null,null,null,null,null
2020-10-12,null,null,null,null,null,null
2020-10-13,null,null,null,null,null,null
2020-10-14,null,null,null,null,null,null
2020-10-15,null,null,null,null,null,null
2020-10-16,null,null,null,null,null,null
2020-10-17,null,null,null,null,null,null
2020-10-18,null,null,null,null,null,null
2020-10-19,null,null,null,null,null,null
2020-10-20,null,null,null,null,null,null
2020-10-21,null,null,null,null,null,null
2020-10-22,null,null,null,null,null,null
2020-10-23,null,null,null,null,null,null
2020-10-24,null,null,null,null,null,null
2020-10-25,null,null,null,null,null,null
2020-10-26,null,null,null,null,null,null
2020-10-27,null,null,null,null,null,null
2020-10-28,null,null,null,null,null,null
2020-10-29,null,null,null,null,null,null
2020-10-30,null,null,null,null,null,null
2020-10-31,null,null,null,null,null,null
2020-11-01,null,null,null,null,null,null
2020-11-02,null,null,null,null,null,null
2020-11-03,null,null,null,null,null,null
2020-11-04,null,null,null,null,null,null
2020-11-05,null,null,null,null,null,null
2020-11-06,null,null,null,null,null,null
2020-11-07,null,null,null,null,null,null
2020-11-08,null,null,null,null,null,null
2020-11-09,null,null,null,null,null,null
2020-11-10,null,null,null,null,null,null
2020-11-11,null,null,null,null,null,null
2020-11-12,0.000155,0.000163,0.000153,0.000163,0.000163,5371
2020-11-13,0.000163,0.000165,0.000123,0.000123,0.000123,3068
2020-11-14,0.000123,0.000153,0.000123,0.000140,0.000140,5709
2020-11-15,0.000140,0.000157,0.000128,0.000141,0.000141,13985
2020-11-16,0.000141,0.000186,0.000139,0.000185,0.000185,18424
2020-11-17,0.000215,0.000509,0.000152,0.000154,0.000154,6944
2020-11-18,0.000154,0.000160,0.000151,0.000159,0.000159,6572
2020-11-19,0.000159,0.000174,0.000158,0.000172,0.000172,106
2020-11-20,0.000172,0.000179,0.000169,0.000174,0.000174,11109
2020-11-21,0.000174,0.000188,0.000167,0.000185,0.000185,11386
2020-11-22,0.000185,0.000188,0.000177,0.000184,0.000184,11419
2020-11-23,0.000184,0.000262,0.000181,0.000192,0.000192,7714
2020-11-24,0.000192,0.000211,0.000179,0.000189,0.000189,8190
2020-11-25,0.000189,0.000284,0.000184,0.000186,0.000186,11868
2020-11-26,0.000186,0.000194,0.000164,0.000171,0.000171,10381
2020-11-27,0.000171,0.000175,0.000164,0.000168,0.000168,10175
2020-11-28,0.000168,0.000176,0.000132,0.000174,0.000174,10509
2020-11-29,0.000174,0.000188,0.000173,0.000183,0.000183,11055
2020-11-30,0.000183,0.000199,0.000177,0.000195,0.000195,12097
2020-12-01,0.000195,0.000196,0.000143,0.000149,0.000149,8962
2020-12-02,0.000149,0.000192,0.000147,0.000190,0.000190,13783
2020-12-03,0.000190,0.000194,0.000188,0.000193,0.000193,13522
2020-12-04,0.000193,0.000194,0.000185,0.000185,0.000185,11276
2020-12-05,0.000185,0.000191,0.000184,0.000191,0.000191,12482
2020-12-06,0.000191,0.000193,0.000186,0.000192,0.000192,11667
2020-12-07,0.000192,0.000265,0.000189,0.000192,0.000192,11728
2020-12-08,0.000192,0.000192,0.000180,0.000182,0.000182,11185
2020-12-09,0.000182,0.000186,0.000149,0.000185,0.000185,11576
2020-12-10,0.000185,0.000192,0.000155,0.000183,0.000183,11185
2020-12-11,0.000183,0.000183,0.000178,0.000180,0.000180,156
2020-12-12,0.000180,0.000201,0.000108,0.000108,0.000108,115
2020-12-13,0.000108,0.000188,0.000105,0.000184,0.000184,13939
2020-12-14,0.000184,0.000185,0.000179,0.000181,0.000181,13835
2020-12-15,0.000181,0.000183,0.000177,0.000177,0.000177,13524
2020-12-16,0.000177,0.000177,0.000171,0.000172,0.000172,3080
2020-12-17,0.000172,0.000172,0.000172,0.000172,0.000172,2971
2020-12-18,0.000172,0.000204,0.000172,0.000191,0.000191,3940
2020-12-19,0.000191,0.000194,0.000188,0.000191,0.000191,4000
2020-12-20,0.000191,0.000191,0.000181,0.000186,0.000186,3875
2020-12-21,0.000185,0.000265,0.000174,0.000177,0.000177,3559
2020-12-22,0.000177,0.000265,0.000171,0.000243,0.000243,0
2020-12-23,0.000243,0.000243,0.000150,0.000158,0.000158,6402
2020-12-24,0.000158,0.000246,0.000151,0.000238,0.000238,0
2020-12-25,0.000238,0.000241,0.000163,0.000169,0.000169,3384
2020-12-26,0.000169,0.000170,0.000135,0.000159,0.000159,3331
2020-12-27,0.000159,0.000220,0.000159,0.000212,0.000212,4441
2020-12-28,0.000212,0.000222,0.000043,0.000043,0.000043,0
2020-12-29,0.000043,0.000045,0.000039,0.000042,0.000042,0
2020-12-30,0.000042,0.000250,0.000040,0.000236,0.000236,0
2020-12-31,0.000237,0.000237,0.000159,0.000231,0.000231,0
2021-01-01,0.000231,0.000244,0.000122,0.000225,0.000225,0
2021-01-02,0.000225,0.000229,0.000118,0.000156,0.000156,0
2021-01-03,0.000156,0.000231,0.000108,0.000114,0.000114,0
2021-01-04,0.000114,0.000210,0.000105,0.000209,0.000209,0
2021-01-05,0.000209,0.000342,0.000158,0.000331,0.000331,0
2021-01-06,0.000331,0.000648,0.000213,0.000348,0.000348,0
2021-01-07,0.000348,0.000410,0.000242,0.000253,0.000253,0
2021-01-08,0.000253,0.000312,0.000239,0.000309,0.000309,0
2021-01-09,0.000309,0.000539,0.000292,0.000405,0.000405,0
2021-01-10,0.000406,0.000425,0.000283,0.000376,0.000376,0
2021-01-11,0.000376,0.000376,0.000234,0.000355,0.000355,0
2021-01-12,0.000355,0.000405,0.000334,0.000337,0.000337,0
2021-01-13,0.000338,0.000370,0.000333,0.000365,0.000365,0
2021-01-14,0.000365,0.000383,0.000346,0.000363,0.000363,0
2021-01-15,0.000363,0.000373,0.000287,0.000291,0.000291,0
2021-01-16,0.000291,0.000316,0.000141,0.000298,0.000298,0
2021-01-17,0.000298,0.000325,0.000149,0.000309,0.000309,0
2021-01-18,0.000310,0.000653,0.000309,0.000607,0.000607,0
2021-01-19,0.000607,0.000682,0.000363,0.000627,0.000627,0
2021-01-20,0.000627,0.000630,0.000526,0.000560,0.000560,0
2021-01-21,0.000559,0.000560,0.000468,0.000480,0.000480,0
2021-01-22,0.000480,0.000532,0.000436,0.000514,0.000514,0
2021-01-23,0.000514,0.000582,0.000512,0.000565,0.000565,0
2021-01-24,0.000565,0.000590,0.000552,0.000568,0.000568,0
2021-01-25,0.000568,0.000578,0.000375,0.000376,0.000376,0
2021-01-26,0.000376,0.000380,0.000316,0.000320,0.000320,0
2021-01-27,0.000320,0.000537,0.000243,0.000514,0.000514,0
2021-01-28,0.000514,0.000596,0.000254,0.000543,0.000543,0
2021-01-29,0.000564,0.000680,0.000235,0.000239,0.000239,0
2021-01-30,0.000239,0.000287,0.000227,0.000263,0.000263,0
2021-01-31,0.000264,0.000417,0.000195,0.000412,0.000412,0
2021-02-01,0.000413,0.000891,0.000275,0.000750,0.000750,0
2021-02-02,0.000750,0.000911,0.000410,0.000791,0.000791,0
2021-02-03,0.000791,0.001191,0.000501,0.001026,0.001026,0
2021-02-04,0.001026,0.001036,0.000665,0.000928,0.000928,0
2021-02-05,0.000928,0.000934,0.000691,0.000734,0.000734,0
2021-02-06,0.000735,0.000904,0.000520,0.000571,0.000571,0
2021-02-07,0.000571,0.000923,0.000554,0.000710,0.000710,0
2021-02-08,0.000709,0.000797,0.000582,0.000598,0.000598,0
2021-02-09,0.000598,0.000914,0.000585,0.000604,0.000604,0
2021-02-10,0.000603,0.001007,0.000600,0.000908,0.000908,0
2021-02-11,0.000907,0.001033,0.000638,0.000906,0.000906,0
2021-02-12,0.000906,0.001000,0.000677,0.000798,0.000798,0
2021-02-13,0.000798,0.001379,0.000778,0.000872,0.000872,0
2021-02-14,0.000873,0.001051,0.000538,0.000814,0.000814,0
2021-02-15,0.000814,0.000844,0.000527,0.000776,0.000776,0
2021-02-16,0.000776,0.000807,0.000485,0.000498,0.000498,0
2021-02-17,0.000498,0.000839,0.000470,0.000498,0.000498,0
2021-02-18,0.000498,0.000847,0.000423,0.000424,0.000424,0
2021-02-19,0.000424,0.000713,0.000341,0.000347,0.000347,0
2021-02-20,0.000347,0.000746,0.000321,0.000691,0.000691,0
2021-02-21,0.000692,0.000799,0.000678,0.000707,0.000707,0
2021-02-22,0.000707,0.000741,0.000566,0.000662,0.000662,0
2021-02-23,0.000662,0.000662,0.000457,0.000593,0.000593,0
2021-02-24,0.000593,0.000639,0.000340,0.000613,0.000613,0
2021-02-25,0.000613,0.000632,0.000111,0.000230,0.000230,8165
2021-02-26,0.000230,0.000235,0.000196,0.000198,0.000198,1335
2021-02-27,0.000198,0.000479,0.000197,0.000454,0.000454,9150
2021-02-28,0.000454,0.000470,0.000429,0.000439,0.000439,8840
2021-03-01,0.000439,0.000540,0.000232,0.000468,0.000468,4714
2021-03-02,0.000468,0.000477,0.000205,0.000448,0.000448,4270
2021-03-03,0.000448,0.000578,0.000230,0.000230,0.000230,3414
2021-03-04,0.000230,0.000660,0.000175,0.000627,0.000627,0
2021-03-05,0.000627,0.000627,0.000583,0.000600,0.000600,0
2021-03-06,0.000600,0.000603,0.000582,0.000596,0.000596,0
2021-03-07,0.000596,0.000623,0.000363,0.000499,0.000499,0
2021-03-08,0.000498,0.000660,0.000497,0.000647,0.000647,0
2021-03-09,0.000647,0.000648,0.000407,0.000423,0.000423,0
2021-03-10,0.000423,0.000423,0.000371,0.000409,0.000409,0
2021-03-11,0.000409,0.000552,0.000357,0.000544,0.000544,7881
2021-03-12,0.000544,0.000546,0.000404,0.000544,0.000544,8478
2021-03-13,0.000543,0.000600,0.000445,0.000448,0.000448,7175
2021-03-14,0.000448,0.000605,0.000447,0.000584,0.000584,9185
2021-03-15,0.000584,0.000591,0.000547,0.000556,0.000556,11284
2021-03-16,0.000556,0.000561,0.000541,0.000547,0.000547,5430
2021-03-17,0.000546,0.000565,0.000468,0.000565,0.000565,6900
2021-03-18,0.000565,0.000578,0.000529,0.000578,0.000578,7
2021-03-19,0.000578,0.000578,0.000552,0.000563,0.000563,6939
2021-03-20,0.000564,0.000581,0.000556,0.000562,0.000562,6871
2021-03-21,0.000562,0.000582,0.000547,0.000554,0.000554,6755
2021-03-22,0.000554,0.000555,0.000486,0.000491,0.000491,12436
2021-03-23,0.000491,0.000546,0.000444,0.000487,0.000487,6635
2021-03-24,0.000487,0.000550,0.000434,0.000434,0.000434,0
2021-03-25,0.000434,0.000472,0.000430,0.000463,0.000463,8716
2021-03-26,0.000463,0.000494,0.000463,0.000494,0.000494,6923
2021-03-27,0.000494,0.000503,0.000457,0.000458,0.000458,0
2021-03-28,0.000458,0.000501,0.000454,0.000491,0.000491,6980
2021-03-29,0.000491,0.000550,0.000488,0.000528,0.000528,7391
2021-03-30,0.000528,0.000543,0.000520,0.000535,0.000535,7457
2021-03-31,0.000535,0.000584,0.000520,0.000576,0.000576,10788
2021-04-01,0.000576,0.000617,0.000571,0.000573,0.000573,11554
2021-04-02,0.000573,0.000611,0.000569,0.000596,0.000596,0
2021-04-03,0.000596,0.000596,0.000548,0.000548,0.000548,11093
2021-04-04,0.000548,0.000573,0.000542,0.000565,0.000565,11249
2021-04-05,0.000565,0.000580,0.000549,0.000568,0.000568,23071
2021-04-06,0.000569,0.000599,0.000569,0.000593,0.000593,54
2021-04-07,0.000593,0.018000,0.000131,0.000573,0.000573,0
2021-04-08,0.000573,0.000579,0.000480,0.000483,0.000483,8120
2021-04-09,0.000483,0.000547,0.000336,0.000498,0.000498,11304
2021-04-10,0.000498,0.000520,0.000430,0.000434,0.000434,9962
2021-04-11,0.000434,0.000625,0.000433,0.000570,0.000570,9581
2021-04-12,0.000570,0.000595,0.000546,0.000583,0.000583,10952
2021-04-13,0.000583,0.000622,0.000559,0.000618,0.000618,10198
2021-04-14,0.000618,0.000669,0.000614,0.000643,0.000643,9855
2021-04-15,0.000643,0.000653,0.000640,0.000651,0.000651,9751
2021-04-16,0.000651,0.000653,0.000634,0.000634,0.000634,1710
2021-04-17,0.000634,0.001482,0.000605,0.000605,0.000605,9071
2021-04-18,0.000605,0.000615,0.000440,0.000599,0.000599,9401
2021-04-19,0.000599,0.002503,0.000596,0.002137,0.002137,8308
2021-04-20,0.002137,0.002515,0.001453,0.002317,0.002317,11409
2021-04-21,0.002318,0.002647,0.002263,0.002647,0.002647,23518
2021-04-22,0.002647,0.002716,0.002446,0.002446,0.002446,166
2021-04-23,0.002446,0.002447,0.002170,0.002264,0.002264,11533
2021-04-24,0.002263,0.002274,0.002035,0.002037,0.002037,9173
2021-04-25,0.002037,0.002624,0.000460,0.002381,0.002381,12093
2021-04-26,0.002382,0.002467,0.002379,0.002449,0.002449,9582
2021-04-27,0.002448,0.002492,0.002432,0.002479,0.002479,8969
2021-04-28,0.002480,0.002549,0.002410,0.002536,0.002536,9277
2021-04-29,0.002536,0.002970,0.002510,0.002860,0.002860,10475
2021-04-30,0.002860,0.002933,0.002729,0.002921,0.002921,10502
2021-05-01,0.002921,0.002956,0.002916,0.002948,0.002948,10619
2021-05-02,0.002948,0.002951,0.002920,0.002940,0.002940,11322
2021-05-03,0.002940,0.003097,0.002939,0.003043,0.003043,10010
2021-05-04,0.003047,0.003188,0.002905,0.002909,0.002909,11323
2021-05-05,0.002913,0.003482,0.002902,0.003481,0.003481,12766
2021-05-06,0.003481,0.034594,0.003480,0.034221,0.034221,164198
2021-05-07,0.034244,0.034533,0.027500,0.029266,0.029266,1137082
2021-05-08,0.029239,0.029861,0.019341,0.019617,0.019617,356282
2021-05-09,0.019614,0.022980,0.019522,0.020538,0.020538,225969
2021-05-10,0.020558,0.032938,0.020262,0.021742,0.021742,271027
2021-05-11,0.021706,0.025232,0.016445,0.018909,0.018909,98126
2021-05-12,0.018933,0.021145,0.018217,0.018217,0.018217,56301
2021-05-13,0.018081,0.019955,0.010970,0.017036,0.017036,100121
2021-05-14,0.017089,0.018649,0.011655,0.011655,0.011655,76834
2021-05-15,0.011670,0.014800,0.010712,0.010739,0.010739,90279
2021-05-16,0.010753,0.015267,0.010234,0.015256,0.015256,84699
2021-05-17,0.015245,0.059309,0.012898,0.030317,0.030317,1106019
2021-05-18,0.030433,0.039180,0.024909,0.036165,0.036165,209606
2021-05-19,0.036094,0.037281,0.014753,0.019812,0.019812,171205
2021-05-20,0.019800,0.029018,0.016692,0.022957,0.022957,127867
2021-05-21,0.023103,0.024561,0.012563,0.019005,0.019005,115591
2021-05-22,0.019022,0.019112,0.012528,0.013417,0.013417,63890
2021-05-23,0.013397,0.016453,0.009697,0.012970,0.012970,51349
2021-05-24,0.012926,0.019832,0.012676,0.019528,0.019528,60898
2021-05-25,0.019597,0.021014,0.016750,0.018901,0.018901,75390
2021-05-26,0.018956,0.023589,0.017771,0.019468,0.019468,90438
2021-05-27,0.019479,0.021350,0.016764,0.018728,0.018728,45237
2021-05-28,0.018733,0.019536,0.014980,0.016721,0.016721,27892
2021-05-29,0.016727,0.017918,0.014530,0.015675,0.015675,43078
2021-05-30,0.015684,0.018524,0.015232,0.016805,0.016805,31313
2021-05-31,0.016811,0.018451,0.014008,0.016266,0.016266,52627
2021-06-01,0.016300,0.017961,0.000103,0.013352,0.013352,24054
2021-06-02,0.013337,0.017542,0.013090,0.015832,0.015832,28631
2021-06-03,0.015819,0.015924,0.012390,0.013034,0.013034,40333
2021-06-04,0.013033,0.013552,0.011428,0.011808,0.011808,42726
2021-06-05,0.011812,0.013503,0.011043,0.011966,0.011966,19597
2021-06-06,0.011963,0.013071,0.011480,0.011946,0.011946,5111
2021-06-07,0.011938,0.013162,0.010778,0.010962,0.010962,24730
2021-06-08,0.010954,0.012757,0.009786,0.010389,0.010389,32821
2021-06-09,0.010387,0.011457,0.009982,0.010766,0.010766,26633
2021-06-10,0.010787,0.011030,0.009264,0.009755,0.009755,24249
2021-06-11,0.009759,0.009821,0.008527,0.008699,0.008699,10505
2021-06-12,0.008717,0.009225,0.004058,0.008336,0.008336,23828
2021-06-13,0.008352,0.009646,0.007926,0.008787,0.008787,22700
2021-06-14,0.008786,0.009045,0.008356,0.008802,0.008802,19600
2021-06-15,0.008898,0.009647,0.000166,0.008915,0.008915,22360
2021-06-16,0.008196,0.008779,0.007608,0.007662,0.007662,56411
2021-06-17,0.007665,0.007898,0.006397,0.007592,0.007592,4251
2021-06-18,0.007590,0.007817,0.006811,0.006959,0.006959,14986
2021-06-19,0.006964,0.007107,0.006816,0.006964,0.006964,4050
2021-06-20,0.006959,0.007460,0.006545,0.007361,0.007361,5125
2021-06-21,0.007364,0.007470,0.003830,0.005917,0.005917,9961
2021-06-22,0.005920,0.006863,0.000000,0.006684,0.006684,12853
2021-06-23,0.006689,0.008609,0.003560,0.006474,0.006474,12214
2021-06-24,0.006425,0.007115,0.005292,0.006765,0.006765,5079
2021-06-25,0.006773,0.006912,0.005543,0.005551,0.005551,10550
2021-06-26,0.005549,0.006008,0.005102,0.005748,0.005748,8347
2021-06-27,0.005756,0.006296,0.005019,0.005730,0.005730,9904
2021-06-28,0.005737,0.005936,0.004485,0.005808,0.005808,9089
2021-06-29,0.005806,0.006512,0.005774,0.006201,0.006201,15617
2021-06-30,0.006182,0.006495,0.003264,0.006462,0.006462,13263
2021-07-01,0.006472,0.006474,0.005514,0.005860,0.005860,13149
2021-07-02,0.005868,0.012405,0.003860,0.012371,0.012371,27704
2021-07-03,0.012372,0.012376,0.000310,0.009208,0.009208,35247
2021-07-04,0.009208,0.010205,0.004018,0.008958,0.008958,16658
2021-07-05,0.008959,0.009957,0.000512,0.009416,0.009416,32525
2021-07-06,0.009390,0.015465,0.001001,0.012379,0.012379,79912
2021-07-07,0.012380,0.016031,0.000441,0.015648,0.015648,56429
2021-07-08,0.015654,0.015708,0.002196,0.012697,0.012697,44124
2021-07-09,0.012689,0.014169,0.002626,0.014057,0.014057,38010
2021-07-10,0.014019,0.014283,0.004899,0.012335,0.012335,36236
2021-07-11,0.012335,0.013169,0.000029,0.012023,0.012023,26431
2021-07-12,0.012023,0.012391,0.003762,0.010924,0.010924,35973
2021-07-13,0.010924,0.011086,0.008014,0.009380,0.009380,16974
2021-07-14,0.009379,0.010684,0.005402,0.010148,0.010148,10092
2021-07-15,0.010154,0.010619,0.004823,0.009904,0.009904,12060
2021-07-16,0.009922,0.010848,0.006024,0.008880,0.008880,12752
2021-07-17,0.008877,0.009141,0.006385,0.008858,0.008858,10860
2021-07-18,0.008860,0.009157,0.007731,0.008799,0.008799,11752
2021-07-19,0.008797,0.009125,0.007775,0.008453,0.008453,5566
2021-07-20,0.008447,0.008564,0.000597,0.008431,0.008431,15633
2021-07-21,0.008428,0.009083,0.003213,0.008659,0.008659,20606
2021-07-22,0.008664,0.009251,0.004515,0.009137,0.009137,18081
2021-07-23,0.009139,0.010695,0.004601,0.009689,0.009689,17317
2021-07-24,0.009693,0.011469,0.005559,0.009513,0.009513,19968
2021-07-25,0.009515,0.011488,0.000007,0.010411,0.010411,17930
2021-07-26,0.010413,0.011635,0.000204,0.011125,0.011125,13374
2021-07-27,0.011105,0.011436,0.006141,0.010501,0.010501,13577
2021-07-28,0.010504,0.010845,0.007944,0.010660,0.010660,15332
2021-07-29,0.010641,0.013482,0.000004,0.000137,0.000137,15348
2021-07-30,0.000136,0.013796,0.000136,0.011631,0.011631,27063
2021-07-31,0.011629,0.013023,0.003078,0.011381,0.011381,38993
2021-08-01,0.011372,0.012280,0.004397,0.011223,0.011223,25324
2021-08-02,0.011206,0.036057,0.003590,0.010589,0.010589,19687
2021-08-03,0.010591,0.011175,0.003855,0.010307,0.010307,17865
2021-08-04,0.010398,0.011009,0.006459,0.009662,0.009662,24186
2021-08-05,0.009658,0.010073,0.005251,0.005287,0.005287,25863
2021-08-06,0.005285,0.009879,0.004934,0.009588,0.009588,22069
2021-08-07,0.009579,0.010011,0.004806,0.009152,0.009152,20305
2021-08-08,0.009132,0.010173,0.006394,0.009687,0.009687,18952
2021-08-09,0.009692,0.010101,0.005009,0.009680,0.009680,23524
2021-08-10,0.009688,0.011574,0.004373,0.009838,0.009838,31007
2021-08-11,0.009844,0.010949,0.008425,0.008881,0.008881,30227
2021-08-12,0.008856,0.010131,0.002811,0.008806,0.008806,29237
2021-08-13,0.008799,0.011919,0.000000,0.010421,0.010421,50748
2021-08-14,0.010413,0.015218,0.001365,0.013636,0.013636,73740
2021-08-15,0.013659,0.014946,0.003100,0.011149,0.011149,41296
2021-08-16,0.011153,0.012860,0.001041,0.010988,0.010988,32309
2021-08-17,0.010970,0.012464,0.002762,0.011358,0.011358,49454
2021-08-18,0.011355,0.011438,0.003047,0.004078,0.004078,31089
2021-08-19,0.004077,0.010827,0.003891,0.010363,0.010363,38179
2021-08-20,0.010350,0.016901,0.001556,0.011331,0.011331,164599
2021-08-21,0.011312,0.012691,0.009946,0.010614,0.010614,79576
2021-08-22,0.010609,0.011461,0.009619,0.009990,0.009990,45966
2021-08-23,0.009985,0.029973,0.002080,0.028201,0.028201,1023064
2021-08-24,0.028194,0.033838,0.000000,0.020774,0.020774,941531
2021-08-25,0.020743,0.039119,0.000000,0.033135,0.033135,1030830
2021-08-26,0.033120,0.035067,0.002221,0.030106,0.030106,599365
2021-08-27,0.030097,0.030270,0.003106,0.030258,0.030258,507108
2021-08-28,0.030326,0.034193,0.005293,0.024222,0.024222,548721
2021-08-29,0.024230,0.034287,0.002424,0.031812,0.031812,1362251
2021-08-30,0.031826,0.036260,0.002787,0.032669,0.032669,2856302
2021-08-31,0.032658,0.035269,0.027223,0.029472,0.029472,1454979
2021-09-01,0.029444,0.031595,0.023864,0.024198,0.024198,910014
2021-09-02,0.024486,0.032599,0.020466,0.028815,0.028815,1211830
2021-09-03,0.028809,0.028884,0.022434,0.023083,0.023083,4304127
2021-09-04,0.023084,0.023093,0.019970,0.020296,0.020296,1348277
2021-09-05,0.020299,0.021220,0.016434,0.016866,0.016866,674542
2021-09-06,0.016861,0.019253,0.013583,0.015729,0.015729,7267414
2021-09-07,0.015727,0.023170,0.014835,0.019877,0.019877,1808964
2021-09-08,0.019871,0.021228,0.016763,0.016951,0.016951,622309
2021-09-09,0.016816,0.017707,0.015703,0.016896,0.016896,587197
2021-09-10,0.016894,0.017434,0.016576,0.016916,0.016916,357427
2021-09-11,0.016911,0.017070,0.016529,0.016884,0.016884,290855
2021-09-12,0.016889,0.021903,0.016641,0.017645,0.017645,366043
2021-09-13,0.017641,0.017941,0.016563,0.016841,0.016841,440791
2021-09-14,0.016837,0.016837,0.015386,0.016064,0.016064,597396
2021-09-15,0.016067,0.017712,0.015841,0.016652,0.016652,277694
2021-09-16,0.016675,0.017948,0.016259,0.017143,0.017143,349697
2021-09-17,0.017146,0.017769,0.015185,0.017769,0.017769,339622
2021-09-18,0.017778,0.018464,0.016845,0.017271,0.017271,323054
2021-09-19,0.017278,0.017736,0.016693,0.016818,0.016818,316657
2021-09-20,0.016816,0.016840,0.015406,0.015744,0.015744,403982
2021-09-21,0.015729,0.017096,0.015214,0.015812,0.015812,280430
2021-09-22,0.015851,0.016613,0.015687,0.016278,0.016278,266372
2021-09-23,0.016282,0.016375,0.015562,0.016098,0.016098,280661
2021-09-24,0.016096,0.016294,0.014830,0.015220,0.015220,218202
2021-09-25,0.015221,0.016030,0.015144,0.015858,0.015858,228766
2021-09-26,0.015854,0.016337,0.015410,0.015947,0.015947,247654
2021-09-27,0.015941,0.016653,0.015434,0.015563,0.015563,288764
2021-09-28,0.015568,0.016326,0.013038,0.013660,0.013660,241778
2021-09-29,0.013672,0.015173,0.013589,0.014142,0.014142,196590
2021-09-30,0.014150,0.014517,0.012920,0.013089,0.013089,237133
2021-10-01,0.013089,0.017528,0.012928,0.017189,0.017189,360938
2021-10-02,0.017183,0.017749,0.014716,0.015454,0.015454,323123
2021-10-03,0.015448,0.016715,0.015448,0.015722,0.015722,278331
2021-10-04,0.015726,0.016151,0.014450,0.014954,0.014954,197062
2021-10-05,0.014953,0.016765,0.013535,0.016357,0.016357,90476
2021-10-06,0.016360,0.022786,0.015808,0.022341,0.022341,182322
2021-10-07,0.022330,0.024354,0.020344,0.021282,0.021282,138344
2021-10-08,0.021282,0.021615,0.017853,0.018691,0.018691,70786
2021-10-09,0.018696,0.019806,0.018342,0.018481,0.018481,53803
2021-10-10,0.018478,0.018879,0.017331,0.017638,0.017638,47070
2021-10-11,0.017632,0.019196,0.017320,0.017634,0.017634,41964
2021-10-12,0.017639,0.017786,0.016191,0.016583,0.016583,95462
2021-10-13,0.016580,0.017891,0.015130,0.016674,0.016674,263193
2021-10-14,0.016677,0.021867,0.016256,0.018114,0.018114,404677
2021-10-15,0.018108,0.020716,0.016986,0.017806,0.017806,423805
2021-10-16,0.017800,0.026437,0.017743,0.021711,0.021711,439059
2021-10-17,0.021705,0.021838,0.018449,0.018882,0.018882,274637
2021-10-18,0.018880,0.019486,0.016951,0.017977,0.017977,412137
2021-10-19,0.017976,0.018072,0.015438,0.017589,0.017589,344272
2021-10-20,0.017590,0.017856,0.016459,0.017378,0.017378,349811
2021-10-21,0.017392,0.017886,0.016416,0.016976,0.016976,326702
2021-10-22,0.016965,0.017701,0.016446,0.016928,0.016928,354752
2021-10-23,0.016927,0.017705,0.016416,0.016980,0.016980,364567
2021-10-24,0.016984,0.017568,0.016378,0.017511,0.017511,468414
2021-10-25,0.017509,0.017607,0.016380,0.017122,0.017122,405875
2021-10-26,0.017126,0.017242,0.015998,0.016810,0.016810,367013
2021-10-27,0.016811,0.017041,0.013652,0.014219,0.014219,513227
2021-10-28,0.014208,0.016848,0.014072,0.015313,0.015313,517307
2021-10-29,0.015314,0.017187,0.014530,0.015315,0.015315,451642
2021-10-30,0.015312,0.016595,0.014781,0.015357,0.015357,109204
2021-10-31,0.015366,0.016613,0.013013,0.014235,0.014235,46491
2021-11-01,0.014238,0.015169,0.012383,0.013939,0.013939,43823
2021-11-02,0.013938,0.016141,0.013455,0.015023,0.015023,37852
2021-11-03,0.015020,0.018236,0.011556,0.013811,0.013811,647775
2021-11-04,0.013810,0.015422,0.012035,0.012286,0.012286,192824
2021-11-05,0.012283,0.012659,0.011081,0.011503,0.011503,67098
2021-11-06,0.011501,0.012825,0.011167,0.011959,0.011959,106085
2021-11-07,0.011959,0.012887,0.008980,0.009102,0.009102,186383
2021-11-08,0.009103,0.011689,0.009103,0.009770,0.009770,125733
2021-11-09,0.009732,0.010379,0.007660,0.010082,0.010082,1143447
2021-11-10,0.010080,0.014981,0.010080,0.013297,0.013297,1070665
2021-11-11,0.013305,0.013486,0.011128,0.011168,0.011168,344619
2021-11-12,0.011163,0.011295,0.008326,0.009603,0.009603,288051
2021-11-13,0.009609,0.009945,0.006477,0.006673,0.006673,993134
2021-11-14,0.006672,0.007087,0.006224,0.006451,0.006451,694262
2021-11-15,0.006447,0.008097,0.005942,0.006600,0.006600,569193
2021-11-16,0.006603,0.006620,0.005341,0.006133,0.006133,500435
2021-11-17,0.006131,0.006272,0.005513,0.006176,0.006176,440324
2021-11-18,0.006176,0.006268,0.005676,0.005792,0.005792,237664
2021-11-19,0.005792,0.006183,0.005475,0.005644,0.005644,403320
2021-11-20,0.005642,0.005938,0.005290,0.005383,0.005383,218100
2021-11-21,0.005386,0.006225,0.005355,0.006011,0.006011,317501
2021-11-22,0.006013,0.006283,0.005504,0.005913,0.005913,316520
2021-11-23,0.005910,0.006196,0.005639,0.005872,0.005872,578804
2021-11-24,0.005870,0.006035,0.005648,0.005816,0.005816,609990
2021-11-25,0.005759,0.007385,0.005653,0.005660,0.005660,416170
2021-11-26,0.006273,0.006957,0.005781,0.006957,0.006957,186374
2021-11-27,0.006951,0.007093,0.005382,0.005631,0.005631,683969
2021-11-28,0.005638,0.005794,0.005417,0.005776,0.005776,608235
2021-11-29,0.005780,0.005822,0.005627,0.005708,0.005708,225566
2021-11-30,0.005709,0.005890,0.005247,0.005716,0.005716,146603
2021-12-01,0.005712,0.006023,0.005581,0.005744,0.005744,109165
2021-12-02,0.005741,0.005950,0.005459,0.005724,0.005724,183380
2021-12-03,0.005729,0.006207,0.005340,0.005342,0.005342,469648
2021-12-04,0.005347,0.005362,0.004039,0.005000,0.005000,203082
2021-12-05,0.004999,0.005152,0.004639,0.004809,0.004809,189588
2021-12-06,0.004809,0.005174,0.004389,0.005121,0.005121,85259
2021-12-07,0.005125,0.012384,0.005032,0.009613,0.009613,1641549
2021-12-08,0.009612,0.015522,0.009427,0.015087,0.015087,1867115
2021-12-09,0.015075,0.015297,0.009806,0.009837,0.009837,1105466
2021-12-10,0.009840,0.010016,0.009240,0.009551,0.009551,1746974
2021-12-11,0.009544,0.010001,0.009438,0.009929,0.009929,1667213
2021-12-12,0.009920,0.010681,0.009561,0.009971,0.009971,824845
2021-12-13,0.009974,0.009988,0.008338,0.008391,0.008391,504966
2021-12-14,0.008392,0.008814,0.008361,0.008383,0.008383,232528
2021-12-15,0.008660,0.016037,0.008597,0.011443,0.011443,1288777
2021-12-16,0.011441,0.012958,0.010189,0.010223,0.010223,612687
2021-12-17,0.010228,0.010603,0.009362,0.009965,0.009965,1686763
2021-12-18,0.010053,0.010220,0.008813,0.010142,0.010142,983367
2021-12-19,0.010138,0.010279,0.009016,0.009016,0.009016,255991
2021-12-20,0.009020,0.009040,0.008289,0.008901,0.008901,222364
2021-12-21,0.008900,0.008909,0.008637,0.008697,0.008697,277435
2021-12-22,0.008701,0.008816,0.008399,0.008557,0.008557,154071
2021-12-23,0.008557,0.008572,0.008275,0.008397,0.008397,195551
2021-12-24,0.008397,0.008397,0.008072,0.008166,0.008166,115123
2021-12-25,0.008165,0.008565,0.008124,0.008387,0.008387,67549
2021-12-26,0.008384,0.008414,0.008118,0.008282,0.008282,110668
2021-12-27,0.008281,0.008846,0.008220,0.008696,0.008696,259793
2021-12-28,0.008697,0.008697,0.008119,0.008337,0.008337,106532
2021-12-29,0.008335,0.008336,0.007555,0.007574,0.007574,154648
2021-12-30,0.007571,0.007943,0.007507,0.007682,0.007682,214321
2021-12-31,0.007682,0.007712,0.007212,0.007367,0.007367,107261
2022-01-01,0.007368,0.007410,0.007121,0.007228,0.007228,92447
2022-01-02,0.007224,0.007644,0.007159,0.007458,0.007458,114741
2022-01-03,0.007459,0.007596,0.007186,0.007467,0.007467,125190
2022-01-04,0.007469,0.007521,0.007209,0.007443,0.007443,122892
2022-01-05,0.007439,0.009256,0.007346,0.008592,0.008592,549200
2022-01-06,0.008590,0.008657,0.008392,0.008594,0.008594,287482
2022-01-07,0.008592,0.008592,0.007866,0.007888,0.007888,288728
2022-01-08,0.007888,0.008226,0.007438,0.007611,0.007611,144198
2022-01-09,0.007611,0.007779,0.007412,0.007709,0.007709,113869
2022-01-10,0.007708,0.007812,0.007457,0.007575,0.007575,177865
2022-01-11,0.007575,0.007814,0.007417,0.007763,0.007763,143109
2022-01-12,0.007764,0.008139,0.007692,0.007920,0.007920,161029
2022-01-13,0.007919,0.008127,0.007657,0.007758,0.007758,213318
2022-01-14,0.007768,0.008023,0.007466,0.007467,0.007467,229033
2022-01-15,0.007468,0.007912,0.007458,0.007800,0.007800,164154
2022-01-16,0.007800,0.007838,0.006917,0.006960,0.006960,299640
2022-01-17,0.006961,0.007111,0.006713,0.007062,0.007062,140934
2022-01-18,0.007062,0.007231,0.006743,0.007124,0.007124,173805
2022-01-19,0.007123,0.007140,0.006524,0.006662,0.006662,181899
2022-01-20,0.006662,0.006768,0.006244,0.006289,0.006289,343336
2022-01-21,0.006290,0.006326,0.005103,0.005121,0.005121,205343
2022-01-22,0.005122,0.005195,0.003386,0.003450,0.003450,950288
2022-01-23,0.003457,0.003669,0.003417,0.003595,0.003595,933747
2022-01-24,0.003595,0.003596,0.003026,0.003346,0.003346,245075
2022-01-25,0.003346,0.003682,0.003346,0.003682,0.003682,169419
2022-01-26,0.003681,0.003820,0.003533,0.003572,0.003572,343698
2022-01-27,0.003557,0.003701,0.003075,0.003631,0.003631,254026
2022-01-28,0.003630,0.003784,0.003414,0.003781,0.003781,197026
2022-01-29,0.003780,0.003795,0.003713,0.003783,0.003783,161791
2022-01-30,0.003786,0.003794,0.003694,0.003711,0.003711,89171
2022-01-31,0.003712,0.003758,0.003614,0.003749,0.003749,80929
2022-02-01,0.003745,0.003789,0.003549,0.003778,0.003778,131914
2022-02-02,0.003778,0.003912,0.003649,0.003672,0.003672,273435
2022-02-03,0.003671,0.003701,0.003593,0.003650,0.003650,114780
2022-02-04,0.003647,0.004051,0.003450,0.004033,0.004033,223783
2022-02-05,0.004038,0.004198,0.003896,0.004147,0.004147,347971
2022-02-06,0.004148,0.004193,0.004089,0.004193,0.004193,161989
2022-02-07,0.004192,0.004578,0.004137,0.004376,0.004376,390701
2022-02-08,0.004378,0.004489,0.004079,0.004172,0.004172,147468
2022-02-09,0.004170,0.004539,0.004045,0.004458,0.004458,154423
2022-02-10,0.004461,0.004499,0.004333,0.004378,0.004378,380282
2022-02-11,0.004379,0.004379,0.003922,0.004021,0.004021,159906
2022-02-12,0.004022,0.004139,0.003928,0.004102,0.004102,74184
2022-02-13,0.004102,0.004111,0.003943,0.004040,0.004040,55930
2022-02-14,0.004040,0.004043,0.003866,0.003899,0.003899,91981
2022-02-15,0.003898,0.004863,0.003844,0.004547,0.004547,1209397
2022-02-16,0.004541,0.005262,0.003795,0.004647,0.004647,4211048
2022-02-17,0.004639,0.005216,0.003694,0.003993,0.003993,1950791
2022-02-18,0.003991,0.003996,0.003526,0.003750,0.003750,432094
2022-02-19,0.003749,0.003758,0.003548,0.003581,0.003581,178561
2022-02-20,0.003582,0.003611,0.003370,0.003381,0.003381,149159
2022-02-21,0.003381,0.003504,0.003197,0.003198,0.003198,240297
2022-02-22,0.003197,0.003331,0.002987,0.003324,0.003324,329391
2022-02-23,0.003324,0.004167,0.003162,0.003183,0.003183,442568
2022-02-24,0.003182,0.003319,0.002884,0.003279,0.003279,172540
2022-02-25,0.003279,0.003625,0.003088,0.003623,0.003623,148785
2022-02-26,0.003624,0.004099,0.003409,0.003514,0.003514,912648
2022-02-27,0.003483,0.003840,0.003424,0.003664,0.003664,378722
2022-02-28,0.003664,0.003993,0.003503,0.003950,0.003950,300283
2022-03-01,0.003950,0.004240,0.003744,0.003788,0.003788,338215
2022-03-02,0.003789,0.004162,0.003663,0.004148,0.004148,175209
2022-03-03,0.004148,0.004157,0.003662,0.003809,0.003809,145481
2022-03-04,0.003810,0.003820,0.003638,0.003733,0.003733,126882
2022-03-05,0.003734,0.003734,0.003432,0.003560,0.003560,133367
2022-03-06,0.003558,0.003741,0.003552,0.003614,0.003614,89498
2022-03-07,0.003614,0.003646,0.003416,0.003646,0.003646,169755
2022-03-08,0.003635,0.003876,0.003388,0.003449,0.003449,230628
2022-03-09,0.003450,0.003678,0.003406,0.003649,0.003649,149472
2022-03-10,0.003648,0.003681,0.003446,0.003506,0.003506,118898
2022-03-11,0.003507,0.003776,0.003445,0.003694,0.003694,177101
2022-03-12,0.003732,0.003747,0.003577,0.003602,0.003602,91732
2022-03-13,0.003601,0.003611,0.003438,0.003455,0.003455,60232
2022-03-14,0.003455,0.003567,0.003413,0.003556,0.003556,94762
2022-03-15,0.003556,0.003913,0.003463,0.003891,0.003891,145119
2022-03-16,0.003891,0.003899,0.003480,0.003654,0.003654,171253
2022-03-17,0.003655,0.003783,0.003542,0.003559,0.003559,177047
2022-03-18,0.003558,0.003850,0.003538,0.003746,0.003746,218349
2022-03-19,0.003746,0.003868,0.003712,0.003746,0.003746,185360
2022-03-20,0.003770,0.004610,0.003722,0.003969,0.003969,353668
2022-03-21,0.003969,0.004117,0.003891,0.003900,0.003900,161305
2022-03-22,0.003899,0.004307,0.003862,0.004252,0.004252,324130
2022-03-23,0.004253,0.004253,0.003740,0.003796,0.003796,150695
2022-03-24,0.003796,0.004047,0.003773,0.004016,0.004016,155122
2022-03-25,0.004017,0.004075,0.003986,0.004017,0.004017,68536
2022-03-26,0.004017,0.004042,0.003941,0.003992,0.003992,99203
2022-03-27,0.003991,0.004144,0.003964,0.004140,0.004140,103458
2022-03-28,0.004140,0.004352,0.004111,0.004352,0.004352,97069
2022-03-29,0.004349,0.004793,0.004113,0.004203,0.004203,352283
2022-03-30,0.004203,0.004263,0.004103,0.004213,0.004213,225654
2022-03-31,0.004213,0.004340,0.004035,0.004061,0.004061,120960
2022-04-01,0.004063,0.004120,0.003937,0.004119,0.004119,76058
2022-04-02,0.004119,0.004188,0.003933,0.004122,0.004122,85945
2022-04-03,0.004121,0.004249,0.004061,0.004178,0.004178,127972
2022-04-04,0.004177,0.004184,0.004007,0.004010,0.004010,66006
2022-04-05,0.004010,0.004056,0.003926,0.003938,0.003938,63839
2022-04-06,0.003937,0.003940,0.003490,0.003490,0.003490,91465
2022-04-07,0.003490,0.003658,0.003450,0.003650,0.003650,106006
2022-04-08,0.003650,0.003769,0.003504,0.003504,0.003504,84993
2022-04-09,0.003503,0.003671,0.003478,0.003598,0.003598,85408
2022-04-10,0.003598,0.003922,0.003573,0.003573,0.003573,192581
2022-04-11,0.003573,0.003573,0.003252,0.003265,0.003265,60387
2022-04-12,0.003266,0.003270,0.003144,0.003170,0.003170,73335
2022-04-13,0.003170,0.003180,0.003091,0.003140,0.003140,103408
2022-04-14,0.003137,0.003251,0.003123,0.003138,0.003138,133553
2022-04-15,0.003137,0.003368,0.003122,0.003313,0.003313,76512
2022-04-16,0.003313,0.003409,0.003309,0.003364,0.003364,78194
2022-04-17,0.003364,0.004111,0.003344,0.003345,0.003345,330161
2022-04-18,0.003346,0.003346,0.003164,0.003289,0.003289,115129
2022-04-19,0.003290,0.003357,0.003087,0.003087,0.003087,110136
2022-04-20,0.003087,0.003106,0.003029,0.003038,0.003038,65368
2022-04-21,0.003038,0.003072,0.002913,0.002913,0.002913,117401
2022-04-22,0.002920,0.002921,0.002842,0.002844,0.002844,55951
2022-04-23,0.002845,0.002851,0.002764,0.002768,0.002768,41966
2022-04-24,0.002766,0.002772,0.002699,0.002714,0.002714,56295
2022-04-25,0.002714,0.002720,0.002499,0.002720,0.002720,81710
2022-04-26,0.002719,0.002720,0.002510,0.002533,0.002533,70322
2022-04-27,0.002533,0.002541,0.002450,0.002476,0.002476,53024
2022-04-28,0.002476,0.002510,0.002460,0.002510,0.002510,72604
2022-04-29,0.002509,0.002550,0.002490,0.002494,0.002494,50893
2022-04-30,0.002494,0.002618,0.002443,0.002454,0.002454,152243
2022-05-01,0.002454,0.002547,0.002388,0.002546,0.002546,77542
2022-05-02,0.002546,0.002619,0.002538,0.002590,0.002590,69275
2022-05-03,0.002589,0.002976,0.002585,0.002893,0.002893,189397
2022-05-04,0.002892,0.002916,0.002763,0.002852,0.002852,116424
2022-05-05,0.002851,0.002886,0.002710,0.002740,0.002740,57893
2022-05-06,0.002740,0.002749,0.002682,0.002708,0.002708,51527
2022-05-07,0.002708,0.002729,0.002631,0.002705,0.002705,43362
2022-05-08,0.002705,0.002705,0.002591,0.002594,0.002594,42488
2022-05-09,0.002593,0.002593,0.002359,0.002360,0.002360,98128
2022-05-10,0.002363,0.002529,0.002309,0.002523,0.002523,152907
2022-05-11,0.002523,0.002719,0.002105,0.002108,0.002108,197550
2022-05-12,0.002107,0.002111,0.001561,0.001585,0.001585,131121
2022-05-13,0.001582,0.002082,0.001572,0.001976,0.001976,128526
2022-05-14,0.001976,0.002023,0.001751,0.001817,0.001817,44542
2022-05-15,0.001816,0.001837,0.001756,0.001778,0.001778,37458
2022-05-16,0.001779,0.001779,0.001637,0.001647,0.001647,51159
2022-05-17,0.001647,0.001866,0.001633,0.001809,0.001809,86648
2022-05-18,0.001810,0.001891,0.001673,0.001674,0.001674,58404
2022-05-19,0.001674,0.001680,0.001587,0.001621,0.001621,41594
2022-05-20,0.001620,0.001642,0.001572,0.001601,0.001601,36494
2022-05-21,0.001601,0.001621,0.001525,0.001616,0.001616,49753
2022-05-22,0.001616,0.004235,0.001566,0.002155,0.002155,1240371
2022-05-23,0.002158,0.002757,0.001898,0.001902,0.001902,591437
2022-05-24,0.001902,0.002045,0.001815,0.002045,0.002045,100877
2022-05-25,0.002047,0.002606,0.001986,0.002316,0.002316,367462
2022-05-26,0.002306,0.003262,0.002268,0.002359,0.002359,803499
2022-05-27,0.002359,0.002439,0.002295,0.002321,0.002321,92954
2022-05-28,0.002262,0.002335,0.002031,0.002136,0.002136,123006
2022-05-29,0.002136,0.002287,0.002132,0.002201,0.002201,78330
2022-05-30,0.002201,0.002303,0.002188,0.002297,0.002297,78381
2022-05-31,0.002297,0.002423,0.002125,0.002363,0.002363,241031
2022-06-01,0.002363,0.002374,0.001835,0.001863,0.001863,106294
2022-06-02,0.001863,0.002000,0.001838,0.001973,0.001973,76500
2022-06-03,0.001972,0.002017,0.001896,0.001959,0.001959,63619
2022-06-04,0.001959,0.002029,0.001918,0.001947,0.001947,53945
2022-06-05,0.001947,0.002020,0.001919,0.001973,0.001973,49038
2022-06-06,0.001973,0.002013,0.001928,0.001958,0.001958,47681
2022-06-07,0.001958,0.002165,0.001863,0.001943,0.001943,179061
2022-06-08,0.001943,0.001988,0.001857,0.001860,0.001860,40623
2022-06-09,0.001860,0.001980,0.001847,0.001920,0.001920,62423
2022-06-10,0.001920,0.001923,0.001782,0.001801,0.001801,39617
2022-06-11,0.001801,0.001804,0.001639,0.001651,0.001651,50147
2022-06-12,0.001652,0.001670,0.001575,0.001577,0.001577,57247
2022-06-13,0.001571,0.001572,0.001328,0.001471,0.001471,70335
2022-06-14,0.001471,0.001472,0.001381,0.001427,0.001427,55533
2022-06-15,0.001426,0.001502,0.001307,0.001500,0.001500,63331
2022-06-16,0.001500,0.001506,0.001363,0.001396,0.001396,60515
2022-06-17,0.001396,0.001488,0.001387,0.001398,0.001398,45115
2022-06-18,0.001397,0.001398,0.001254,0.001340,0.001340,47619
2022-06-19,0.001341,0.001394,0.001242,0.001390,0.001390,54798
2022-06-20,0.001389,0.001410,0.001313,0.001320,0.001320,32478
2022-06-21,0.001320,0.001425,0.001318,0.001342,0.001342,61351
2022-06-22,0.001342,0.001392,0.001324,0.001328,0.001328,49566
2022-06-23,0.001328,0.001579,0.001322,0.001429,0.001429,118447
2022-06-24,0.001429,0.001519,0.001425,0.001491,0.001491,72170
2022-06-25,0.001492,0.001494,0.001398,0.001428,0.001428,42752
2022-06-26,0.001427,0.001448,0.001350,0.001384,0.001384,33473
2022-06-27,0.001383,0.001396,0.001283,0.001302,0.001302,34790
2022-06-28,0.001302,0.001309,0.001231,0.001251,0.001251,35853
2022-06-29,0.001252,0.001257,0.001198,0.001205,0.001205,35234
2022-06-30,0.001205,0.001212,0.001101,0.001131,0.001131,79681
2022-07-01,0.001133,0.001153,0.001074,0.001151,0.001151,56606
2022-07-02,0.001150,0.001151,0.001040,0.001041,0.001041,26685
2022-07-03,0.001040,0.001093,0.001029,0.001032,0.001032,34824
2022-07-04,0.001033,0.001054,0.001018,0.001047,0.001047,36778
2022-07-05,0.001048,0.001054,0.001005,0.001031,0.001031,39416
2022-07-06,0.001031,0.001031,0.000999,0.001026,0.001026,40515
2022-07-07,0.001026,0.001246,0.001014,0.001123,0.001123,266585
2022-07-08,0.001123,0.001130,0.001061,0.001101,0.001101,49895
2022-07-09,0.001101,0.001104,0.001068,0.001100,0.001100,36137
2022-07-10,0.001102,0.001102,0.000994,0.001006,0.001006,44715
2022-07-11,0.001006,0.001066,0.000992,0.001004,0.001004,49179
2022-07-12,0.001003,0.001006,0.000977,0.000994,0.000994,38080
2022-07-13,0.000994,0.000994,0.000921,0.000944,0.000944,44496
2022-07-14,0.000944,0.000966,0.000903,0.000914,0.000914,28456
2022-07-15,0.000914,0.000918,0.000860,0.000870,0.000870,44203
2022-07-16,0.000870,0.001150,0.000853,0.001085,0.001085,183027
2022-07-17,0.001085,0.001085,0.000905,0.000923,0.000923,82000
2022-07-18,0.000923,0.000938,0.000878,0.000916,0.000916,63978
2022-07-19,0.000916,0.000925,0.000881,0.000924,0.000924,44481
2022-07-20,0.000924,0.000929,0.000868,0.000877,0.000877,34559
2022-07-21,0.000877,0.000892,0.000836,0.000860,0.000860,35683
2022-07-22,0.000860,0.000863,0.000797,0.000812,0.000812,42571
2022-07-23,0.000811,0.000828,0.000754,0.000771,0.000771,58620
2022-07-24,0.000771,0.000843,0.000760,0.000843,0.000843,66377
2022-07-25,0.000843,0.001261,0.000821,0.000963,0.000963,396206
2022-07-26,0.000963,0.000966,0.000911,0.000942,0.000942,55485
2022-07-27,0.000942,0.001009,0.000930,0.000992,0.000992,49215
2022-07-28,0.000992,0.001028,0.000956,0.000999,0.000999,60787
2022-07-29,0.000999,0.001140,0.000986,0.001059,0.001059,97493
2022-07-30,0.001057,0.001133,0.000982,0.001089,0.001089,63467
2022-07-31,0.001088,0.001094,0.000984,0.000984,0.000984,48753
2022-08-01,0.000984,0.000984,0.000930,0.000938,0.000938,38503
2022-08-02,0.000938,0.000985,0.000899,0.000925,0.000925,61148
2022-08-03,0.000925,0.000941,0.000910,0.000928,0.000928,44230
2022-08-04,0.000927,0.000959,0.000918,0.000928,0.000928,58857
2022-08-05,0.000929,0.000946,0.000907,0.000916,0.000916,45266
2022-08-06,0.000915,0.000934,0.000900,0.000907,0.000907,46692
2022-08-07,0.000908,0.000908,0.000837,0.000854,0.000854,74444
2022-08-08,0.000854,0.001251,0.000849,0.000940,0.000940,474440
2022-08-09,0.000937,0.000962,0.000834,0.000853,0.000853,118978
2022-08-10,0.000854,0.000998,0.000791,0.000891,0.000891,108436
2022-08-11,0.000891,0.000909,0.000804,0.000807,0.000807,57023
2022-08-12,0.000806,0.000895,0.000784,0.000807,0.000807,115330
2022-08-13,0.000807,0.000821,0.000793,0.000808,0.000808,69096
2022-08-14,0.000807,0.000809,0.000730,0.000774,0.000774,85627
2022-08-15,0.000773,0.000775,0.000699,0.000718,0.000718,130516
2022-08-16,0.000718,0.000769,0.000714,0.000738,0.000738,44399
2022-08-17,0.000738,0.000784,0.000719,0.000747,0.000747,60950
2022-08-18,0.000747,0.000943,0.000729,0.000801,0.000801,365846
2022-08-19,0.000801,0.000801,0.000650,0.000660,0.000660,211720
2022-08-20,0.000662,0.000668,0.000629,0.000653,0.000653,78631
2022-08-21,0.000653,0.000709,0.000635,0.000709,0.000709,95049
2022-08-22,0.000709,0.000709,0.000590,0.000617,0.000617,84109
2022-08-23,0.000617,0.000826,0.000598,0.000674,0.000674,295884
2022-08-24,0.000673,0.000746,0.000652,0.000692,0.000692,92902
2022-08-25,0.000691,0.000747,0.000690,0.000724,0.000724,49319
2022-08-26,0.000725,0.000725,0.000664,0.000676,0.000676,46075
2022-08-27,0.000676,0.000689,0.000666,0.000674,0.000674,23043
2022-08-28,0.000672,0.000679,0.000656,0.000665,0.000665,18573
2022-08-29,0.000665,0.000766,0.000657,0.000738,0.000738,55645
2022-08-30,0.000739,0.000755,0.000700,0.000708,0.000708,25009
2022-08-31,0.000708,0.000725,0.000697,0.000701,0.000701,19687
2022-09-01,0.000701,0.000773,0.000622,0.000769,0.000769,84861
2022-09-02,0.000768,0.000907,0.000718,0.000907,0.000907,145185
2022-09-03,0.000912,0.001039,0.000819,0.000835,0.000835,165304
2022-09-04,0.000835,0.000849,0.000818,0.000846,0.000846,42886
2022-09-05,0.000847,0.000857,0.000810,0.000824,0.000824,33467
2022-09-06,0.000824,0.000837,0.000799,0.000813,0.000813,38816
2022-09-07,0.000813,0.000974,0.000797,0.000837,0.000837,185671
2022-09-08,0.000837,0.000844,0.000811,0.000834,0.000834,62659
2022-09-09,0.000834,0.000888,0.000819,0.000886,0.000886,61710
2022-09-10,0.000885,0.000929,0.000845,0.000917,0.000917,69229
2022-09-11,0.000920,0.001100,0.000898,0.001008,0.001008,218171
2022-09-12,0.001008,0.001452,0.000954,0.001243,0.001243,1006734
2022-09-13,0.001244,0.001411,0.001129,0.001145,0.001145,449601
2022-09-14,0.001149,0.001154,0.000951,0.000985,0.000985,1426952
2022-09-15,0.000984,0.000985,0.000885,0.000890,0.000890,218886
2022-09-16,0.000889,0.000895,0.000826,0.000828,0.000828,115713
2022-09-17,0.000828,0.000863,0.000818,0.000837,0.000837,81647
2022-09-18,0.000838,0.000844,0.000788,0.000789,0.000789,68362
2022-09-19,0.000788,0.000803,0.000757,0.000760,0.000760,84769
2022-09-20,0.000760,0.000762,0.000721,0.000749,0.000749,50475
2022-09-21,0.000750,0.000756,0.000704,0.000716,0.000716,42995
2022-09-22,0.000715,0.001008,0.000711,0.000853,0.000853,185517
2022-09-23,0.000853,0.001089,0.000828,0.000927,0.000927,361211
2022-09-24,0.000927,0.000960,0.000836,0.000836,0.000836,59205
2022-09-25,0.000836,0.000842,0.000774,0.000796,0.000796,71474
2022-09-26,0.000796,0.000803,0.000753,0.000784,0.000784,65549
2022-09-27,0.000783,0.000851,0.000763,0.000795,0.000795,89449
2022-09-28,0.000795,0.000795,0.000725,0.000781,0.000781,44520
2022-09-29,0.000781,0.000846,0.000769,0.000836,0.000836,60289
2022-09-30,0.000836,0.000837,0.000782,0.000784,0.000784,40720
2022-10-01,0.000785,0.000801,0.000762,0.000793,0.000793,71562
2022-10-02,0.000793,0.000793,0.000710,0.000710,0.000710,62916
2022-10-03,0.000710,0.000714,0.000686,0.000703,0.000703,48516
2022-10-04,0.000702,0.000860,0.000662,0.000687,0.000687,174786
2022-10-05,0.000686,0.000693,0.000663,0.000683,0.000683,70083
2022-10-06,0.000683,0.000692,0.000671,0.000676,0.000676,49149
2022-10-07,0.000678,0.000683,0.000660,0.000668,0.000668,46279
2022-10-08,0.000668,0.000708,0.000658,0.000677,0.000677,51781
2022-10-09,0.000679,0.000690,0.000649,0.000667,0.000667,58239
2022-10-10,0.000666,0.000677,0.000647,0.000649,0.000649,49253
2022-10-11,0.000649,0.000649,0.000614,0.000615,0.000615,29029
2022-10-12,0.000614,0.000655,0.000605,0.000642,0.000642,45417
2022-10-13,0.000642,0.000716,0.000631,0.000675,0.000675,107670
2022-10-14,0.000675,0.000695,0.000636,0.000652,0.000652,48323
2022-10-15,0.000652,0.000663,0.000629,0.000633,0.000633,39029
2022-10-16,0.000635,0.000644,0.000617,0.000633,0.000633,52004
2022-10-17,0.000636,0.000664,0.000615,0.000662,0.000662,33754
2022-10-18,0.000659,0.000717,0.000642,0.000677,0.000677,59044
2022-10-19,0.000679,0.000680,0.000638,0.000648,0.000648,33499
2022-10-20,0.000648,0.000657,0.000636,0.000646,0.000646,62444
2022-10-21,0.000646,0.000685,0.000639,0.000660,0.000660,67226
2022-10-22,0.000660,0.000687,0.000624,0.000672,0.000672,61702
2022-10-23,0.000673,0.000688,0.000649,0.000688,0.000688,40361
2022-10-24,0.000688,0.000801,0.000672,0.000748,0.000748,166637
2022-10-25,0.000748,0.000748,0.000674,0.000696,0.000696,70868
2022-10-26,0.000694,0.000698,0.000680,0.000685,0.000685,34643
2022-10-27,0.000685,0.000693,0.000618,0.000620,0.000620,75262
2022-10-28,0.000621,0.000629,0.000597,0.000620,0.000620,66571
2022-10-29,0.000618,0.000644,0.000615,0.000642,0.000642,35295
2022-10-30,0.000641,0.000651,0.000613,0.000624,0.000624,39583
2022-10-31,0.000623,0.000634,0.000607,0.000611,0.000611,50204
2022-11-01,0.000612,0.000662,0.000606,0.000618,0.000618,60931
2022-11-02,0.000618,0.000645,0.000601,0.000610,0.000610,70711
2022-11-03,0.000610,0.000639,0.000607,0.000622,0.000622,48232
2022-11-04,0.000622,0.000676,0.000613,0.000672,0.000672,68405
2022-11-05,0.000672,0.000676,0.000638,0.000649,0.000649,43481
2022-11-06,0.000649,0.000652,0.000627,0.000630,0.000630,42780
2022-11-07,0.000629,0.000631,0.000613,0.000622,0.000622,52717
2022-11-08,0.000622,0.000646,0.000533,0.000620,0.000620,111071
2022-11-09,0.000621,0.000625,0.000498,0.000508,0.000508,56273
2022-11-10,0.000506,0.000614,0.000504,0.000599,0.000599,51942
2022-11-11,0.000599,0.000599,0.000536,0.000540,0.000540,45286
2022-11-12,0.000540,0.000550,0.000501,0.000512,0.000512,50713
2022-11-13,0.000511,0.000519,0.000483,0.000487,0.000487,61428
2022-11-14,0.000486,0.000516,0.000471,0.000508,0.000508,61425
2022-11-15,0.000507,0.000521,0.000487,0.000499,0.000499,55793
2022-11-16,0.000498,0.000510,0.000483,0.000489,0.000489,43781
2022-11-17,0.000492,0.000500,0.000476,0.000492,0.000492,50095
2022-11-18,0.000492,0.000505,0.000482,0.000483,0.000483,39261
2022-11-19,0.000483,0.000526,0.000481,0.000509,0.000509,75223
2022-11-20,0.000509,0.000510,0.000471,0.000475,0.000475,77486
2022-11-21,0.000475,0.000475,0.000442,0.000447,0.000447,42953
2022-11-22,0.000447,0.000454,0.000425,0.000441,0.000441,41423
2022-11-23,0.000442,0.000561,0.000441,0.000557,0.000557,150259
2022-11-24,0.000557,0.000569,0.000532,0.000542,0.000542,77728
2022-11-25,0.000542,0.000556,0.000535,0.000553,0.000553,51389
2022-11-26,0.000553,0.000599,0.000540,0.000597,0.000597,72080
2022-11-27,0.000597,0.000697,0.000588,0.000681,0.000681,218703
2022-11-28,0.000681,0.000709,0.000562,0.000566,0.000566,154682
2022-11-29,0.000567,0.000601,0.000563,0.000585,0.000585,70635
2022-11-30,0.000585,0.000614,0.000576,0.000614,0.000614,36223
2022-12-01,0.000614,0.000623,0.000575,0.000581,0.000581,40847
2022-12-02,0.000581,0.000589,0.000545,0.000588,0.000588,57054
2022-12-03,0.000588,0.000611,0.000577,0.000591,0.000591,56394
2022-12-04,0.000591,0.000600,0.000576,0.000580,0.000580,27880
2022-12-05,0.000579,0.000599,0.000527,0.000537,0.000537,46723
2022-12-06,0.000537,0.000545,0.000500,0.000523,0.000523,57198
2022-12-07,0.000523,0.000523,0.000483,0.000498,0.000498,34126
2022-12-08,0.000498,0.000532,0.000492,0.000517,0.000517,38809
2022-12-09,0.000517,0.000522,0.000503,0.000510,0.000510,21604
2022-12-10,0.000510,0.000558,0.000507,0.000552,0.000552,44671
2022-12-11,0.000552,0.000584,0.000513,0.000552,0.000552,2538299
2022-12-12,0.000552,0.000726,0.000549,0.000651,0.000651,264699
2022-12-13,0.000651,0.000669,0.000566,0.000582,0.000582,75538
2022-12-14,0.000582,0.000583,0.000517,0.000528,0.000528,78939
2022-12-15,0.000528,0.000531,0.000506,0.000522,0.000522,65522
2022-12-16,0.000522,0.000524,0.000477,0.000479,0.000479,53475
2022-12-17,0.000479,0.000484,0.000467,0.000483,0.000483,41909
2022-12-18,0.000483,0.000483,0.000465,0.000479,0.000479,33805
2022-12-19,0.000479,0.000485,0.000466,0.000478,0.000478,24339
2022-12-20,0.000478,0.000511,0.000465,0.000479,0.000479,54461
2022-12-21,0.000479,0.000488,0.000464,0.000473,0.000473,49393
2022-12-22,0.000475,0.000481,0.000466,0.000476,0.000476,39432
2022-12-23,0.000477,0.000489,0.000473,0.000481,0.000481,34366
2022-12-24,0.000481,0.000485,0.000469,0.000485,0.000485,25442
2022-12-25,0.000485,0.000488,0.000462,0.000466,0.000466,39877
2022-12-26,0.000466,0.000484,0.000456,0.000480,0.000480,34507
2022-12-27,0.000480,0.000498,0.000469,0.000481,0.000481,47626
2022-12-28,0.000481,0.000483,0.000466,0.000472,0.000472,27381
2022-12-29,0.000472,0.000487,0.000466,0.000480,0.000480,90071
2022-12-30,0.000480,0.000524,0.000463,0.000512,0.000512,67751
2022-12-31,0.000512,0.000518,0.000486,0.000487,0.000487,71858
2023-01-01,0.000487,0.000488,0.000469,0.000486,0.000486,37595
2023-01-02,0.000486,0.000503,0.000473,0.000491,0.000491,28670
2023-01-03,0.000491,0.000491,0.000474,0.000480,0.000480,25995
2023-01-04,0.000480,0.000499,0.000476,0.000499,0.000499,44998
2023-01-05,0.000499,0.000506,0.000484,0.000488,0.000488,33253
2023-01-06,0.000489,0.000491,0.000474,0.000482,0.000482,24195
2023-01-07,null,null,null,null,null,null